<?xml version="1.0" encoding="utf-8"?>
<affinity>
  <box name="PEG">
    <cpu>0</cpu>
    <parameters>
      <param_1>3</param_1>
      <param_2>2</param_2>
      <param_3>3</param_3>
      <param_4>0.0</param_4>
      <param_5>1.0</param_5>
    </parameters>
  </box>
  <box name="DEBTTOEQUITY">
    <cpu>0</cpu>
    <parameters>
      <param_1>0.5</param_1>
    </parameters>
    <parent>PEG</parent>
  </box>
  <box name="PRICETOBOOK">
    <cpu>0</cpu>
    <parameters>
      <param_1>0.0</param_1>
      <param_2>1.5</param_2>
    </parameters>
    <parent>DEBTTOEQUITY</parent>
  </box>
  <box name="GROWTHTOEARNINGS">
    <cpu>0</cpu>
    <parameters>
      <param_1>2</param_1>
      <param_2>3</param_2>
      <param_3>5</param_3>
      <param_4>0.0</param_4>
      <param_5>0.0</param_5>
      <param_6>0.0</param_6>
      <param_7>0.0</param_7>
    </parameters>
  </box>
</affinity>