<?xml version="1.0" encoding="utf-8"?>
<affinity>
  <!--<box name="PExPB">
    <cpu>0</cpu>
    <parameters>
      <pe>22</pe>
      <pb>1.5</pb>
    </parameters>
  </box>
  <box name="DEBTTOEQUITY">
    <cpu>0</cpu>
    <parameters>
      <debtoequity>0.5</debtoequity>
    </parameters>
  </box>
  <box name="STDDEVIATION">
    <cpu>0</cpu>
    <parameters>
      <stddeviation>3</stddeviation>
    </parameters>
  </box>
  <box name="ROIC">
    <cpu>0</cpu>
    <parameters>
      <paramcount>5</paramcount>
      <average>15</average>
    </parameters>
  </box>
  <box name="ROE">
    <cpu>0</cpu>
    <parameters>
      <paramcount>5</paramcount>
      <average>15</average>
    </parameters>
  </box>
  <box name="QUICKRATIO">
    <cpu>0</cpu>
    <parameters>
      <paramcount>5</paramcount>
      <average>1.0</average>
    </parameters>
  </box>
  <box name="PE">
    <cpu>0</cpu>
    <parameters>
      <pemin>0</pemin>
      <pemax>15</pemax>
    </parameters>
  </box>
  <box name="INTERESTCOVERAGE">
    <cpu>0</cpu>
    <parameters>
      <paramcount>5</paramcount>
      <average>1.5</average>
    </parameters>
  </box>
  <box name="DIVIDENDGROWTH">
    <cpu>0</cpu>
    <parameters>
      <paramcount>5</paramcount>
      <average>1.0</average>
    </parameters>
  </box>
  <box name="PEG">
    <cpu>0</cpu>
    <parameters>
      <earningcount>3</earningcount>
      <eaninglastpos>3</eaninglastpos>
      <eaningprevpos>2</eaningprevpos>
      <pegmin>0.0</pegmin>
      <pegmax>1.0</pegmax>
    </parameters>
  </box>
  <box name="PRICETOBOOK">
    <cpu>0</cpu>
    <parameters>
      <pricetobookmin>0.0</pricetobookmin>
      <pricetobookmax>1.5</pricetobookmax>
    </parameters>
  </box>
  <box name="GROWTHTOEARNINGS">
    <cpu>0</cpu>
    <parameters>
      <earningscount>5</earningscount>
      <eaninglastpos>5</eaninglastpos>
      <eaningprevpos>4</eaningprevpos>
      <divcount>5</divcount>
      <divgrowth>0.0</divgrowth>
      <growth>0.0</growth>
      <peratio>0.0</peratio>
      <growthtoearnings>0.0</growthtoearnings>
    </parameters>
  </box>
  <box name="CORRELATIONS">
    <cpu>0</cpu>
    <parameters>
      <mktcap>500</mktcap>
      <correpositive>0.8</correpositive>
      <correnegative>-0.8</correnegative>
    </parameters>
  </box>-->
  <box name="DUALMOMENTUM">
    <cpu>0</cpu>
    <parameters>
      <count>252</count>
      <month1>230</month1>
      <month3>188</month3>
      <month6>125</month6>
      <month12>0</month12>
    </parameters>
  </box>
</affinity>