"NZM","NZME LIMITED","Media"
"WKT","WALKABOUT RESOURCES LTD","Materials"
"SCP","SHOPPING CENTRES AUSTRALASIA PROPERTY GROUP","Real Estate"
"SCU","STEMCELL UNITED LIMITED","Pharmaceuticals, Biotechnology & Life Sciences"
"JRL","JINDALEE RESOURCES LIMITED","Materials"
"SCT","SCOUT SECURITY LIMITED","Consumer Services"
"BBL","BRISBANE BRONCOS LIMITED","Media"
"WLD","WELLARD LIMITED","Food, Beverage & Tobacco"
"BBN","BABY BUNTING GROUP LIMITED","Retailing"
"JRV","JERVOIS MINING LIMITED","Materials"
"WLC","WOLLONGONG COAL LIMITED","Materials"
"WLF","WOLF MINERALS LIMITED","Materials"
"SDA","SPEEDCAST INTERNATIONAL LIMITED","Telecommunication Services"
"WLE","WAM LEADERS LIMITED","Not Applic"
"BBR","BORA BORA RESOURCES LIMITED","Materials"
"SDF","STEADFAST GROUP LIMITED","Insurance"
"WLL","WELLCOM GROUP LIMITED","Commercial & Professional Services"
"SDG","SUNLAND GROUP LIMITED","Real Estate"
"BBX","BBX MINERALS LIMITED","Materials"
"SDI","SDI LIMITED","Health Care Equipment & Services"
"SDL","SUNDANCE RESOURCES LIMITED","Materials"
"SE1","SENSERA LIMITED","Semiconductors & Semiconductor Equipment"
"BCB","BOWEN COKING COAL LIMITED","Materials"
"BCD","BCD RESOURCES NL","Materials"
"SDV","SCIDEV LTD","Materials"
"SDX","SIENNA CANCER DIAGNOSTICS LIMITED","Pharmaceuticals, Biotechnology & Life Sciences"
"BCI","BC IRON LIMITED","Materials"
"BCL","BARALABA COAL COMPANY LIMITED","Energy"
"BCK","BROCKMAN MINING LIMITED","Materials"
"BCN","BEACON MINERALS LIMITED","Materials"
"WMC","WONHE MULTIMEDIA COMMERCE LTD","Technology Hardware & Equipment"
"BD1","BARD1 LIFE SCIENCES LIMITED","Materials"
"SEA","SUNDANCE ENERGY AUSTRALIA LIMITED","Energy"
"SEC","SPHERIA EMERGING COMPANIES LIMITED","Class Pend"
"BCT","BLUECHIIP LIMITED","Technology Hardware & Equipment"
"WMI","WAM MICROCAP LIMITED","Not Applic"
"WMK","WATERMARK MARKET NEUTRAL FUND LIMITED","Not Applic"
"SEH","SINO GAS & ENERGY HOLDINGS LIMITED","Energy"
"SEK","SEEK LIMITED","Commercial & Professional Services"
"FLC","FLUENCE CORPORATION LIMITED","Commercial & Professional Services"
"SEN","SENETAS CORPORATION LIMITED","Technology Hardware & Equipment"
"BDA","BOD AUSTRALIA LIMITED","Retailing"
"SEQ","SEQUOIA FINANCIAL GROUP LTD","Diversified Financials"
"SES","SECOS GROUP LTD","Materials"
"SER","STRATEGIC ENERGY RESOURCES LIMITED","Materials"
"FLK","FOLKESTONE LIMITED","Real Estate"
"BDI","BLINA MINERALS NL","Materials"
"FLN","FREELANCER LIMITED","Software & Services"
"WND","WINDLAB LIMITED","Utilities"
"FLT","FLIGHT CENTRE TRAVEL GROUP LIMITED","Consumer Services"
"BDR","BEADELL RESOURCES LIMITED","Materials"
"SFC","SCHAFFER CORPORATION LIMITED","Automobiles & Components"
"SFH","SPECIALTY FASHION GROUP LIMITED","Retailing"
"SFG","SEAFARMS GROUP LIMITED","Food, Beverage & Tobacco"
"SFI","SPOOKFISH LIMITED","Software & Services"
"SFL","SPRING FG LIMITED","Diversified Financials"
"WNR","WINGARA AG LTD","Food, Beverage & Tobacco"
"SFM","SANTA FE MINERALS LTD","Not Applic"
"WNS","WORLD.NET SERVICES LIMITED","Software & Services"
"SFR","SANDFIRE RESOURCES NL","Materials"
"FMG","FORTESCUE METALS GROUP LTD","Materials"
"BEE","BROO LTD","Food, Beverage & Tobacco"
"FML","FOCUS MINERALS LTD","Materials"
"SFX","SHEFFIELD RESOURCES LIMITED","Materials"
"SFY","SPDR S&P/ASX 50 FUND","Not Applic"
"BEL","BENTLEY CAPITAL LIMITED","Diversified Financials"
"BEN","BENDIGO AND ADELAIDE BANK LIMITED","Banks"
"FMS","FLINDERS MINES LIMITED","Materials"
"SGC","SACGASCO LIMITED","Energy"
"WOF","WOLF PETROLEUM LTD","Energy"
"SGF","SG FLEET GROUP LIMITED","Commercial & Professional Services"
"SGM","SIMS METAL MANAGEMENT LIMITED","Materials"
"JVG","JV GLOBAL LIMITED","Capital Goods"
"SGO","STREAM GROUP LIMITED","Software & Services"
"WOR","WORLEYPARSONS LIMITED","Energy"
"SGQ","ST GEORGE MINING LIMITED","Materials"
"FND","FINDERS RESOURCES LIMITED","Materials"
"SGP","STOCKLAND","Real Estate"
"BFC","BESTON GLOBAL FOOD COMPANY LIMITED","Food, Beverage & Tobacco"
"WOW","WOOLWORTHS LIMITED","Food & Staples Retailing"
"SGR","THE STAR ENTERTAINMENT GROUP LIMITED","Consumer Services"
"SGU","SUCCESS GLOBAL MEDIA LIMITED","Consumer Services"
"BFG","BELL FINANCIAL GROUP LIMITED","Diversified Financials"
"FNP","FREEDOM FOODS GROUP LIMITED","Food, Beverage & Tobacco"
"FNT","FRONTIER RESOURCES LIMITED","Materials"
"WPG","WPG RESOURCES LTD","Materials"
"SHH","SHREE MINERALS LIMITED","Materials"
"WPL","WOODSIDE PETROLEUM LIMITED","Energy"
"SHJ","SHINE CORPORATE LTD","Consumer Services"
"SHL","SONIC HEALTHCARE LIMITED","Health Care Equipment & Services"
"WPP","WPP AUNZ LTD","Media"
"SHK","STONE RESOURCES AUSTRALIA LIMITED","Materials"
"SHM","SHRIRO HOLDINGS LIMITED","Consumer Durables & Apparel"
"FOD","THE FOOD REVOLUTION GROUP LIMITED","Food, Beverage & Tobacco"
"SHO","SPORTSHERO LIMITED","Software & Services"
"BGA","BEGA CHEESE LIMITED","Food, Beverage & Tobacco"
"SHV","SELECT HARVESTS LIMITED","Food, Beverage & Tobacco"
"SHU","SHENHUA INTERNATIONAL LIMITED","Consumer Durables & Apparel"
"BGH","BLIGH RESOURCES LIMITED","Materials"
"FOR","FORAGER AUSTRALIAN SHARES FUND","Not Applic"
"BGP","BRISCOE GROUP AUSTRALASIA LIMITED","Not Applic"
"BGR","BRONSON GROUP LIMITED","Diversified Financials"
"BGT","BIO-GENE TECHNOLOGY LTD","Class Pend"
"SIE","SCIGEN LIMITED","Pharmaceuticals, Biotechnology & Life Sciences"
"BGS","BIRIMIAN LIMITED","Materials"
"SIG","SIGMA HEALTHCARE LIMITED","Health Care Equipment & Services"
"SIH","SIHAYO GOLD LIMITED","Materials"
"G1A","GALENA MINING LIMITED","Materials"
"FPC","FAT PROPHETS GLOBAL CONTRARIAN FUND LTD","Not Applic"
"SIO","SIMONDS GROUP LIMITED","Consumer Durables & Apparel"
"SIQ","SMARTGROUP CORPORATION LTD","Commercial & Professional Services"
"WQW","WINHA COMMERCE AND TRADE INTL LIMITED","Food & Staples Retailing"
"BHD","BENJAMIN HORNIGOLD LIMITED","Not Applic"
"FPH","FISHER & PAYKEL HEALTHCARE CORPORATION LIMITED","Health Care Equipment & Services"
"SIT","SITE GROUP INTERNATIONAL LIMITED","Consumer Services"
"OAR","OAKDALE RESOURCES LIMITED","Materials"
"SIV","SILVER CHEF LIMITED","Capital Goods"
"FPL","FREMONT PETROLEUM CORPORATION LIMITED","Energy"
"SIX","SPRINTEX LIMITED","Automobiles & Components"
"BHL","BOYUAN HOLDINGS LIMITED","Real Estate"
"FPP","FAT PROPHETS GLOBAL PROPERTY FUND","Not Applic"
"BHP","BHP BILLITON LIMITED","Materials"
"WRM","WHITE ROCK MINERALS LIMITED","Materials"
"JYC","JOYCE CORPORATION LTD","Retailing"
"OBJ","OBJ LIMITED","Pharmaceuticals, Biotechnology & Life Sciences"
"WRR","WORLD REACH LIMITED","Technology Hardware & Equipment"
"BID","BIDENERGY LIMITED","Software & Services"
"BIG","BIG UN LIMITED","Software & Services"
"WSA","WESTERN AREAS LIMITED","Materials"
"BIN","BINGO INDUSTRIES LIMITED","Commercial & Professional Services"
"BIR","BIRRABONG CORPORATION LIMITED","Not Applic"
"SKC","SKYCITY ENTERTAINMENT GROUP LIMITED","Consumer Services"
"BIQ","BUILDINGIQ, INC","Software & Services"
"BIT","BIOTRON LIMITED","Pharmaceuticals, Biotechnology & Life Sciences"
"OCA","OCEANIA HEALTHCARE LIMITED","Health Care Equipment & Services"
"WSI","WESTSTAR INDUSTRIAL LIMITED","Materials"
"BIS","BISALLOY STEEL GROUP LIMITED","Materials"
"OCC","ORTHOCELL LIMITED","Pharmaceuticals, Biotechnology & Life Sciences"
"SKF","SKYFII LTD","Software & Services"
"SKI","SPARK INFRASTRUCTURE GROUP","Utilities"
"SKN","SKIN ELEMENTS LIMITED","Household & Personal Products"
"OCL","OBJECTIVE CORPORATION LIMITED","Software & Services"
"SKP","SKYLAND PETROLEUM  GROUP LIMITED","Energy"
"FRI","FINBAR GROUP LIMITED","Real Estate"
"OCP","OCEANIA CAPITAL PARTNERS LIMITED","Diversified Financials"
"SKT","SKY NETWORK TELEVISION LIMITED.","Media"
"FRM","FARM PRIDE FOODS LIMITED","Food, Beverage & Tobacco"
"FRN","FRASER RANGE METALS GROUP LTD","Materials"
"WTC","WISETECH GLOBAL LIMITED","Software & Services"
"SLC","SUPERLOOP LIMITED","Telecommunication Services"
"SLF","SPDR S&P/ASX 200 LISTED PROPERTY FUND","Not Applic"
"FRX","FLEXIROAM LIMITED","Telecommunication Services"
"WTP","WATPAC LIMITED","Capital Goods"
"SLK","SEALINK TRAVEL GROUP LIMITED","Consumer Services"
"FSA","FSA GROUP LIMITED","Diversified Financials"
"SLM","SALMAT LIMITED","Commercial & Professional Services"
"SM1","SYNLAIT MILK LIMITED","Food, Beverage & Tobacco"
"FSF","FONTERRA SHAREHOLDERS' FUND","Food, Beverage & Tobacco"
"ODN","ODIN ENERGY LIMITED","Energy"
"SLR","SILVER LAKE RESOURCES LIMITED","Materials"
"FSG","FIELD SOLUTIONS HOLDINGS LIMITED","Telecommunication Services"
"FSI","FLAGSHIP INVESTMENTS LIMITED","Diversified Financials"
"SLX","SILEX SYSTEMS LIMITED","Semiconductors & Semiconductor Equipment"
"SM8","SHARK MITIGATION SYSTEMS LIMITED","Technology Hardware & Equipment"
"BKI","BKI INVESTMENT COMPANY LIMITED","Diversified Financials"
"BKL","BLACKMORES LIMITED","Household & Personal Products"
"BKM","BKM MANAGEMENT LIMITED","Commercial & Professional Services"
"ODY","ODYSSEY ENERGY LIMITED","Energy"
"BKP","BARAKA ENERGY & RESOURCES LIMITED","Energy"
"SMC","STRATEGIC MINERALS CORPORATION NL","Materials"
"BKT","BLACK ROCK MINING LIMITED","Materials"
"SMD","SYNDICATED METALS LIMITED","Materials"
"OEC","ORBITAL CORPORATION LIMITED","Automobiles & Components"
"SMG","SOON MINING LIMITED","Materials"
"SMI","SANTANA MINERALS LIMITED","Materials"
"BKW","BRICKWORKS LIMITED","Materials"
"BKY","BERKELEY ENERGIA LIMITED","Energy"
"SMM","SUMMIT RESOURCES LIMITED","Energy"
"SMN","STRUCTURAL MONITORING SYSTEMS PLC","Technology Hardware & Equipment"
"BLA","BLUE SKY ALTERNATIVE INVESTMENTS LIMITED","Diversified Financials"
"OEL","OTTO ENERGY LIMITED","Energy"
"SMP","SMARTPAY HOLDINGS LIMITED","Telecommunication Services"
"SMR","STANMORE COAL LIMITED","Energy"
"OEQ","ORION EQUITIES LIMITED","Diversified Financials"
"BLD","BORAL LIMITED.","Materials"
"BLG","BLUGLASS LIMITED","Semiconductors & Semiconductor Equipment"
"BLK","BLACKHAM RESOURCES LIMITED","Materials"
"OEX","OILEX LTD","Energy"
"FTT","FACTOR THERAPEUTICS LIMITED","Pharmaceuticals, Biotechnology & Life Sciences"
"SND","SAUNDERS INTERNATIONAL LIMITED","Capital Goods"
"SNC","SANDON CAPITAL INVESTMENTS LIMITED","Not Applic"
"BLT","BENITEC BIOPHARMA LIMITED","Pharmaceuticals, Biotechnology & Life Sciences"
"FTZ","FERTOZ LIMITED","Materials"
"BLY","BOART LONGYEAR LIMITED","Capital Goods"
"BLX","BEACON LIGHTING GROUP LIMITED","Retailing"
"SNL","SUPPLY NETWORK LIMITED","Retailing"
"BLZ","BLAZE INTERNATIONAL LIMITED","Energy"
"SNS","SENSEN NETWORKS LIMITED","Software & Services"
"SO4","SALT LAKE POTASH LIMITED","Materials"
"SNV","SINOVUS MINING LIMITED","Materials"
"BMH","BAUMART HOLDINGS LIMITED","Capital Goods"
"BMG","BMG RESOURCES LIMITED","Materials"
"FUN","FUNTASTIC LIMITED","Retailing"
"SNZ","SUMMERSET GROUP HOLDINGS LIMITED","Health Care Equipment & Services"
"OFX","OFX GROUP LIMITED","Diversified Financials"
"BMN","BANNERMAN RESOURCES LIMITED","Energy"
"BMP","BUYMYPLACE.COM.AU LIMITED","Real Estate"
"BMT","BERKUT MINERALS LIMITED","Materials"
"OGA","OCEAN GROWN ABALONE LIMITED","Class Pend"
"WWI","WEST WITS MINING LIMITED","Materials"
"OGC","OCEANAGOLD CORPORATION","Materials"
"SOM","SOMNOMED LIMITED","Health Care Equipment & Services"
"OGH","OCHRE GROUP HOLDINGS LIMITED","Materials"
"SOL","WASHINGTON H SOUL PATTINSON & COMPANY LIMITED","Energy"
"SOP","SYNERTEC CORPORATION LIMITED","Commercial & Professional Services"
"SP1","SEARCH PARTY GROUP LTD","Software & Services"
"SP3","SPECTUR LIMITED","Technology Hardware & Equipment"
"SOR","STRATEGIC ELEMENTS LIMITED","Diversified Financials"
"OGX","ORINOCO GOLD LIMITED","Materials"
"BNO","BIONOMICS LIMITED","Pharmaceuticals, Biotechnology & Life Sciences"
"SPB","SOUTH PACIFIC RESOURCES LIMITED","Energy"
"G88","GOLDEN MILE RESOURCES LTD","Materials"
"BNR","BULLETIN RESOURCES LIMITED","Materials"
"OHE","ORION HEALTH GROUP LIMITED","Health Care Equipment & Services"
"SPI","SPITFIRE MATERIALS LTD","Materials"
"SPL","STARPHARMA HOLDINGS LIMITED","Pharmaceuticals, Biotechnology & Life Sciences"
"SPK","SPARK NEW ZEALAND LIMITED","Telecommunication Services"
"FWD","FLEETWOOD CORPORATION LIMITED","Consumer Durables & Apparel"
"SPO","SPOTLESS GROUP HOLDINGS LIMITED","Commercial & Professional Services"
"BOA","BOADICEA RESOURCES LIMITED","Materials"
"SPQ","SUPERIOR RESOURCES LIMITED","Materials"
"BOC","BOUGAINVILLE COPPER LIMITED","Materials"
"BOE","BOSS RESOURCES LIMITED","Materials"
"SPX","SPECTRUM RARE EARTHS LIMITED","Materials"
"SPZ","SMART PARKING LIMITED","Technology Hardware & Equipment"
"BOL","BOOM LOGISTICS LIMITED","Capital Goods"
"BOQ","BANK OF QUEENSLAND LIMITED.","Banks"
"BOT","BOTANIX PHARMACEUTICALS LTD","Pharmaceuticals, Biotechnology & Life Sciences"
"KAI","KAIROS MINERALS LIMITED","Materials"
"OIL","OPTISCAN IMAGING LIMITED","Health Care Equipment & Services"
"KAM","K2 ASSET MANAGEMENT HOLDINGS LTD","Diversified Financials"
"BPG","BYTE POWER GROUP LIMITED","Retailing"
"FXJ","FAIRFAX MEDIA LIMITED","Media"
"BPH","BPH ENERGY LTD","Pharmaceuticals, Biotechnology & Life Sciences"
"FXL","FLEXIGROUP LIMITED","Diversified Financials"
"KAS","KASBAH RESOURCES LIMITED","Materials"
"KAR","KAROON GAS AUSTRALIA LIMITED","Energy"
"BPL","BROKEN HILL PROSPECTING LIMITED","Materials"
"KAT","KATANA CAPITAL LIMITED","Not Applic"
"T3D","333D LIMITED","Commercial & Professional Services"
"SRF","SURFSTITCH GROUP LIMITED","Retailing"
"BPT","BEACH ENERGY LIMITED","Energy"
"SRH","SAFEROADS HOLDINGS LIMITED","Capital Goods"
"SRG","SRG LIMITED.","Capital Goods"
"SRI","SIPA RESOURCES LIMITED","Materials"
"KBC","KEYBRIDGE CAPITAL LIMITED","Diversified Financials"
"SRK","STRIKE RESOURCES LIMITED","Materials"
"SRN","SUREFIRE RESOURCES NL","Materials"
"FYA","FORTUNE ASIA GROUP LTD","Materials"
"SRO","SHAREROOT LTD","Software & Services"
"SRR","SHAW RIVER MANGANESE LIMITED","Materials"
"KBL","KBL MINING LIMITED","Materials"
"SRS","SPICERS LIMITED","Capital Goods"
"SRV","SERVCORP LIMITED","Real Estate"
"FYI","FYI RESOURCES LIMITED","Materials"
"SRX","SIRTEX MEDICAL LIMITED","Pharmaceuticals, Biotechnology & Life Sciences"
"SRZ","STELLAR RESOURCES LIMITED","Materials"
"SRY","STORY-I LIMITED","Retailing"
"SSG","SHAVER SHOP GROUP LIMITED","Retailing"
"SSM","SERVICE STREAM LIMITED","Capital Goods"
"SSL","SIETEL LIMITED","Real Estate"
"OKJ","OAKAJEE CORPORATION LIMITED","Diversified Financials"
"SSN","SAMSON OIL & GAS LIMITED","Energy"
"ST1","SPIRIT TELECOM LIMITED","Telecommunication Services"
"BRC","BRAIN RESOURCE LIMITED","Health Care Equipment & Services"
"BRB","BREAKER RESOURCES NL","Materials"
"SST","STEAMSHIPS TRADING COMPANY LIMITED","Capital Goods"
"BRG","BREVILLE GROUP LIMITED","Retailing"
"KCN","KINGSGATE CONSOLIDATED LIMITED.","Materials"
"OKR","OKAPI RESOURCES LIMITED","Materials"
"BRI","BIG RIVER INDUSTRIES LIMITED","Materials"
"OKU","OKLO RESOURCES LIMITED","Energy"
"FZO","FAMILY ZONE CYBER SAFETY LIMITED","Software & Services"
"BRK","BROOKSIDE ENERGY LIMITED","Energy"
"BRL","BATHURST RESOURCES LIMITED.","Materials"
"BRO","BROAD INVESTMENTS LIMITED","Telecommunication Services"
"FZR","FITZROY RIVER CORPORATION LTD","Energy"
"BRN","BRAINCHIP HOLDINGS LTD","Software & Services"
"STA","STRANDLINE RESOURCES LIMITED","Materials"
"BRU","BURU ENERGY LIMITED","Energy"
"OLH","OLDFIELDS HOLDINGS LIMITED","Capital Goods"
"STL","STARGROUP LIMITED","Technology Hardware & Equipment"
"OLI","OLIVER'S REAL FOOD LIMITED","Consumer Services"
"STM","SUNSTONE METALS LTD","Materials"
"STO","SANTOS LIMITED","Energy"
"BSA","BSA LIMITED","Commercial & Professional Services"
"BSE","BASE RESOURCES LIMITED","Materials"
"STX","STRIKE ENERGY LIMITED","Energy"
"STW","SPDR S&P/ASX 200 FUND","Not Applic"
"KDR","KIDMAN RESOURCES LIMITED","Materials"
"OLV","OTHERLEVELS HOLDINGS LIMITED","Software & Services"
"BSL","BLUESCOPE STEEL LIMITED","Materials"
"BSN","BISAN LIMITED","Diversified Financials"
"BSM","BASS METALS LTD","Materials"
"BSP","BLACK STAR PETROLEUM LIMITED","Energy"
"BSR","BASSARI RESOURCES LIMITED","Materials"
"BST","BARRACK ST INVESTMENTS LIMITED","Not Applic"
"SUD","SUDA LTD","Pharmaceuticals, Biotechnology & Life Sciences"
"BSX","BLACKSTONE MINERALS LIMITED","Materials"
"SUH","SOUTHERN HEMISPHERE MINING LIMITED","Materials"
"SUM","SUMATRA COPPER & GOLD PLC","Materials"
"OMH","OM HOLDINGS LIMITED","Materials"
"SUL","SUPER RETAIL GROUP LIMITED","Retailing"
"SUN","SUNCORP GROUP LIMITED","Insurance"
"OML","OOH!MEDIA LIMITED","Media"
"BTC","BIOTECH CAPITAL LIMITED","Diversified Financials"
"SUR","SUN RESOURCES NL","Energy"
"BTI","BAILADOR TECHNOLOGY INVESTMENTS LIMITED","Diversified Financials"
"BTH","BIGTINCAN HOLDINGS LIMITED","Software & Services"
"OMT","OMNI MARKET TIDE LTD","Software & Services"
"KEY","KEY PETROLEUM LIMITED","Energy"
"SVA","SIMAVITA LIMITED","Health Care Equipment & Services"
"SVH","SILVER HERITAGE GROUP LIMITED","Consumer Services"
"ONE","ONEVIEW HEALTHCARE PLC","Health Care Equipment & Services"
"SVL","SILVER MINES LIMITED","Materials"
"KFE","KOGI IRON LIMITED","Materials"
"SVM","SOVEREIGN METALS LIMITED","Materials"
"SW1","SWIFT NETWORKS GROUP LIMITED","Technology Hardware & Equipment"
"BUB","BUBS AUSTRALIA LIMITED","Food, Beverage & Tobacco"
"BUD","BUDDY PLATFORM LTD","Software & Services"
"SVT","SERVTECH GLOBAL HOLDINGS LTD","Software & Services"
"SVS","SUNVEST CORPORATION LIMITED","Not Applic"
"ONT","1300 SMILES LIMITED","Health Care Equipment & Services"
"BUG","BUDERIM GROUP LIMITED","Food, Beverage & Tobacco"
"SVW","SEVEN GROUP HOLDINGS LIMITED","Capital Goods"
"SVY","STAVELY MINERALS LIMITED","Materials"
"BUL","BLUE ENERGY LIMITED","Energy"
"SWF","SELFWEALTH LIMITED","Class Pend"
"BUX","BUXTON RESOURCES LIMITED","Materials"
"SWK","SWICK MINING SERVICES LTD","Materials"
"BUY","BOUNTY OIL & GAS NL","Energy"
"SWJ","STONEWALL RESOURCES LIMITED","Materials"
"SWM","SEVEN WEST MEDIA LIMITED","Media"
"KGD","KULA GOLD LIMITED","Materials"
"OOK","OOKAMI LIMITED","Automobiles & Components"
"KGM","KALNORTH GOLD MINES LIMITED","Materials"
"KGL","KGL RESOURCES LIMITED","Materials"
"KGN","KOGAN.COM LTD","Retailing"
"SXA","STRATA-X ENERGY LIMITED","Energy"
"BVS","BRAVURA SOLUTIONS LIMITED.","Software & Services"
"SXE","SOUTHERN CROSS ELECTRICAL ENGINEERING LTD","Capital Goods"
"XAM","XANADU MINES LTD","Materials"
"SXL","SOUTHERN CROSS MEDIA GROUP LIMITED","Media"
"OPG","OPUS GROUP LIMITED","Commercial & Professional Services"
"OPN","OPENDNA LIMITED","Commercial & Professional Services"
"BWF","BLACKWALL LIMITED","Diversified Financials"
"OPT","OPTHEA LIMITED","Pharmaceuticals, Biotechnology & Life Sciences"
"SXX","SOUTHERN CROSS EXPLORATION N.L.","Materials"
"SXY","SENEX ENERGY LIMITED","Energy"
"BWP","BWP TRUST","Real Estate"
"SYA","SAYONA MINING LIMITED","Materials"
"BWR","BLACKWALL PROPERTY TRUST","Real Estate"
"SYD","SYDNEY AIRPORT","Transportation"
"BWX","BWX LIMITED","Household & Personal Products"
"KIK","KAIRIKI ENERGY LIMITED","Energy"
"SYS","SYNGAS LIMITED","Energy"
"BXB","BRAMBLES LIMITED","Commercial & Professional Services"
"SYR","SYRAH RESOURCES LIMITED","Materials"
"SYT","SYNTONIC LIMITED","Software & Services"
"KIN","KIN MINING NL","Materials"
"KIS","KING ISLAND SCHEELITE LIMITED","Materials"
"GAP","GALE PACIFIC LIMITED","Consumer Durables & Apparel"
"GAS","STATE GAS LIMITED","Energy"
"BXN","BIOXYNE LIMITED","Pharmaceuticals, Biotechnology & Life Sciences"
"ORA","ORORA LIMITED","Materials"
"ORE","OROCOBRE LIMITED","Materials"
"ORH","ORH LIMITED","Capital Goods"
"ORG","ORIGIN ENERGY LIMITED","Energy"
"GBA","GRANDBRIDGE LIMITED","Diversified Financials"
"ORI","ORICA LIMITED","Materials"
"ORN","ORION MINERALS NL","Materials"
"GBE","GLOBE METALS & MINING LIMITED","Materials"
"ORM","ORION METALS LIMITED","Materials"
"GBG","GINDALBIE METALS LTD","Materials"
"ORR","ORECORP LIMITED","Materials"
"BYE","BYRON ENERGY LIMITED","Energy"
"GBI","GENERA BIOSYSTEMS LIMITED","Pharmaceuticals, Biotechnology & Life Sciences"
"BYH","BRYAH RESOURCES LIMITED","Materials"
"GBM","GBM GOLD LTD","Materials"
"BYI","BEYOND INTERNATIONAL LIMITED","Media"
"GBP","GLOBAL PETROLEUM LIMITED","Energy"
"GC1","GLENNON SMALL COMPANIES LIMITED","Not Applic"
"GBR","GREAT BOULDER RESOURCES LIMITED","Materials"
"GBT","GBST HOLDINGS LIMITED","Software & Services"
"GBZ","GBM RESOURCES LIMITED","Materials"
"OSH","OIL SEARCH LIMITED","Energy"
"OSL","ONCOSIL MEDICAL LTD","Pharmaceuticals, Biotechnology & Life Sciences"
"KKL","KOLLAKORN CORPORATION LIMITED","Technology Hardware & Equipment"
"OSP","OSPREY MEDICAL INC","Health Care Equipment & Services"
"KKO","KINETIKO ENERGY LTD","Energy"
"GCM","GARDA CAPITAL GROUP","Not Applic"
"GCN","GOCONNECT LIMITED","Software & Services"
"KKT","KONEKT LIMITED","Health Care Equipment & Services"
"GCS","GLOBAL CONSTRUCTION SERVICES LIMITED","Capital Goods"
"GCR","GOLDEN CROSS RESOURCES LTD","Materials"
"GCY","GASCOYNE RESOURCES LIMITED","Materials"
"XF1","XREF LIMITED","Software & Services"
"KLH","KALIA LIMITED","Energy"
"GDF","GARDA DIVERSIFIED PROPERTY FUND","Real Estate"
"KLL","KALIUM LAKES LIMITED","Materials"
"OTR","ONTERRAN LIMITED","Capital Goods"
"GDI","GDI PROPERTY GROUP","Real Estate"
"KLO","KINGSLAND GLOBAL LTD","Real Estate"
"KLR","KAILI RESOURCES LIMITED","Energy"
"OTW","OVER THE WIRE HOLDINGS LIMITED","Software & Services"
"KME","KIP MCGRATH EDUCATION CENTRES LIMITED","Consumer Services"
"KMD","KATHMANDU HOLDINGS LIMITED","Retailing"
"GED","GOLDEN DEEPS LIMITED.","Materials"
"GEM","G8 EDUCATION LIMITED","Consumer Services"
"GES","GENESIS RESOURCES LIMITED","Materials"
"GEV","GLOBAL ENERGY VENTURES LTD","Energy"
"OVH","ONEVUE HOLDINGS LIMITED","Diversified Financials"
"KNH","KOON HOLDINGS LIMITED","Capital Goods"
"OVL","ORO VERDE LIMITED","Materials"
"OVN","OVENTUS MEDICAL LIMITED","Health Care Equipment & Services"
"KNL","KIBARAN RESOURCES LIMITED","Materials"
"GFI","GLOBAL FORTUNE INVESTMENT LIMITED","Materials"
"KNM","KNEOMEDIA LIMITED","Software & Services"
"GFL","GLOBAL MASTERS FUND LIMITED","Diversified Financials"
"KNO","KNOSYS LIMITED","Software & Services"
"GGE","GRAND GULF ENERGY LIMITED","Energy"
"GGG","GREENLAND MINERALS AND ENERGY LIMITED","Materials"
"KP2","KORE POTASH PLC","Class Pend"
"KOR","KORAB RESOURCES LIMITED","Materials"
"KOV","KORVEST LTD","Capital Goods"
"GGX","GAS2GRID LIMITED","Energy"
"TAH","TABCORP HOLDINGS LIMITED","Consumer Services"
"TAG","TAG PACIFIC LIMITED","Diversified Financials"
"XIP","XENITH IP GROUP LIMITED","Commercial & Professional Services"
"KPC","KAZAKHSTAN POTASH CORPORATION LIMITED","Materials"
"TAM","TANAMI GOLD NL","Materials"
"TAP","TAP OIL LIMITED","Energy"
"KPG","KELLY PARTNERS GROUP HOLDINGS LIMITED","Commercial & Professional Services"
"TAO","TAO COMMODITIES LTD","Materials"
"TAR","TARUGA GOLD LIMITED","Materials"
"KPL","KINA PETROLEUM LIMITED","Energy"
"TAS","TASMAN RESOURCES LTD","Materials"
"TAU","TRUSTEES AUSTRALIA LIMITED","Consumer Services"
"KPO","KALINA POWER LIMITED","Utilities"
"TAW","TAWANA RESOURCES NL","Materials"
"TB8","TIANMEI BEVERAGE GROUP CORPORATION LIMITED","Food, Beverage & Tobacco"
"KPT","KANGAROO ISLAND PLANTATION TIMBERS LTD","Materials"
"OXX","OCTANEX LIMITED","Energy"
"CA8","COASSETS LIMITED.","Software & Services"
"TBH","TOPBETTA HOLDINGS LIMITED","Consumer Services"
"CAA","CAPRAL LIMITED","Materials"
"GID","GI DYNAMICS, INC","Health Care Equipment & Services"
"CAB","CABCHARGE AUSTRALIA LIMITED","Commercial & Professional Services"
"TBR","TRIBUNE RESOURCES LIMITED","Materials"
"CAE","CANNINDAH RESOURCES LIMITED","Materials"
"CAD","CAENEUS MINERALS LTD","Materials"
"CAG","CAPE RANGE LTD","Software & Services"
"CAF","CENTREPOINT ALLIANCE LIMITED","Diversified Financials"
"CAI","CALIDUS RESOURCES LIMITED","Materials"
"CAJ","CAPITOL HEALTH LIMITED","Health Care Equipment & Services"
"CAM","CLIME CAPITAL LIMITED","Not Applic"
"CAN","CANN GROUP LIMITED","Pharmaceuticals, Biotechnology & Life Sciences"
"CAQ","CAQ HOLDINGS LIMITED","Real Estate"
"CAP","CARPENTARIA EXPLORATION LIMITED","Materials"
"CAS","CRUSADER RESOURCES LIMITED","Materials"
"CAR","CARSALES.COM LIMITED.","Software & Services"
"CAT","CATAPULT GROUP INTERNATIONAL LTD","Technology Hardware & Equipment"
"CAV","CARNAVALE RESOURCES LIMITED","Materials"
"CAY","CANYON RESOURCES LIMITED","Materials"
"TCL","TRANSURBAN GROUP","Transportation"
"CAZ","CAZALY RESOURCES LIMITED","Materials"
"KRC","KING RIVER COPPER LIMITED","Materials"
"OZG","OZGROWTH LIMITED","Not Applic"
"TCN","TECHNICHE LIMITED.","Diversified Financials"
"OZL","OZ MINERALS LIMITED","Materials"
"TCO","TRANSMETRO CORPORATION LIMITED","Consumer Services"
"CBA","COMMONWEALTH BANK OF AUSTRALIA.","Banks"
"KRL","KANGAROO RESOURCES LIMITED","Materials"
"CBC","CBG CAPITAL LIMITED","Not Applic"
"KRM","KINGSROSE MINING LIMITED","Materials"
"CBL","CBL CORPORATION LIMITED","Insurance"
"KRS","KRESTA HOLDINGS LIMITED","Consumer Durables & Apparel"
"KSC","K & S CORPORATION LIMITED","Transportation"
"TDL","TBG DIAGNOSTICS LIMITED","Pharmaceuticals, Biotechnology & Life Sciences"
"TDO","3D OIL LIMITED","Energy"
"CCA","CHANGE FINANCIAL LIMITED","Software & Services"
"CCE","CARNEGIE CLEAN ENERGY LIMITED","Utilities"
"KSL","KINA SECURITIES LIMITED","Diversified Financials"
"KSN","KINGSTON RESOURCES LIMITED","Materials"
"CCJ","COUNTY INTERNATIONAL LIMITED","Energy"
"CCL","COCA-COLA AMATIL LIMITED","Food, Beverage & Tobacco"
"CCP","CREDIT CORP GROUP LIMITED","Diversified Financials"
"CCV","CASH CONVERTERS INTERNATIONAL","Retailing"
"TEG","TRIANGLE ENERGY (GLOBAL) LIMITED","Energy"
"KTA","KRAKATOA RESOURCES LIMITED","Materials"
"CCZ","CASTILLO COPPER LIMITED","Materials"
"TEK","THORNEY TECHNOLOGIES LTD","Energy"
"GLB","GLOBE INTERNATIONAL LIMITED","Consumer Durables & Apparel"
"GLA","GLADIATOR RESOURCES LIMITED","Materials"
"KTE","K2 ENERGY LIMITED.","Utilities"
"CDB","CONDOR BLANCO MINES LIMITED","Materials"
"CDA","CODAN LIMITED","Technology Hardware & Equipment"
"GLE","GLG CORP LTD","Consumer Durables & Apparel"
"CDD","CARDNO LIMITED","Capital Goods"
"GLH","GLOBAL HEALTH LIMITED","Health Care Equipment & Services"
"GLL","GALILEE ENERGY LIMITED","Energy"
"CDH","CHONGHERR INVESTMENTS LTD","Materials"
"TEX","TARGET ENERGY LIMITED","Energy"
"CDG","CLEVELAND MINING COMPANY LIMITED","Materials"
"CDM","CADENCE CAPITAL LIMITED","Not Applic"
"CDP","CARINDALE PROPERTY TRUST","Real Estate"
"CE1","CALIMA ENERGY LIMITED","Energy"
"CDT","CASTLE MINERALS LIMITED","Materials"
"CDV","CARDINAL RESOURCES LIMITED","Materials"
"TFG","TOTAL FACE GROUP LIMITED","Consumer Services"
"CDU","CUDECO LIMITED","Materials"
"GMA","GENWORTH MORTGAGE INSURANCE AUSTRALIA LIMITED","Banks"
"TFL","TASFOODS LIMITED","Food, Beverage & Tobacco"
"GMC","GULF MANGANESE CORPORATION LIMITED","Materials"
"GME","GME RESOURCES LIMITED","Materials"
"GMD","GENESIS MINERALS LIMITED","Materials"
"GMG","GOODMAN GROUP","Real Estate"
"GML","GATEWAY MINING LIMITED","Materials"
"GMN","GOLD MOUNTAIN LIMITED","Materials"
"CEL","CHALLENGER ENERGY LIMITED","Energy"
"CEN","CONTACT ENERGY LIMITED","Utilities"
"TGA","THORN GROUP LIMITED","Retailing"
"GMV","G MEDICAL INNOVATIONS HOLDINGS LIMITED","Health Care Equipment & Services"
"GMY","GOLDFIELDS MONEY LIMITED","Banks"
"TGH","TEGEL GROUP HOLDINGS LIMITED","Food, Beverage & Tobacco"
"TGG","TEMPLETON GLOBAL GROWTH FUND LIMITED","Diversified Financials"
"TGN","TUNGSTEN MINING NL","Materials"
"TGP","360 CAPITAL GROUP","Real Estate"
"GNC","GRAINCORP LIMITED","Food, Beverage & Tobacco"
"TGR","TASSAL GROUP LIMITED","Food, Beverage & Tobacco"
"GNE","GENESIS ENERGY LIMITED","Utilities"
"GNG","GR ENGINEERING SERVICES LIMITED","Materials"
"TGS","TIGER RESOURCES LIMITED","Materials"
"CFE","CAPE LAMBERT RESOURCES LIMITED","Materials"
"GO2","THE GO2 PEOPLE LTD","Class Pend"
"XPE","XPED LIMITED","Software & Services"
"CFO","CFOAM LIMITED","Capital Goods"
"XPD","XPD SOCCER GEAR GROUP LIMITED","Consumer Durables & Apparel"
"THC","THE HYDROPONICS COMPANY LIMITED","Pharmaceuticals, Biotechnology & Life Sciences"
"GNX","GENEX POWER LIMITED","Utilities"
"THD","THRED LIMITED","Software & Services"
"GOE","GO ENERGY GROUP LIMITED","Capital Goods"
"CGA","CONTANGO ASSET MANAGEMENT LIMITED","Diversified Financials"
"CGC","COSTA GROUP HOLDINGS LIMITED","Food, Beverage & Tobacco"
"THR","THOR MINING PLC","Materials"
"CGF","CHALLENGER LIMITED","Diversified Financials"
"THX","THUNDELARRA LIMITED","Materials"
"GOO","GOOROO VENTURES LIMITED","Software & Services"
"CGM","COUGAR METALS NL","Materials"
"CGL","THE CITADEL GROUP LIMITED","Software & Services"
"CGO","CPT GLOBAL LIMITED","Software & Services"
"CGN","CRATER GOLD MINING LIMITED","Materials"
"GOR","GOLD ROAD RESOURCES LIMITED","Materials"
"TIA","TIAN AN AUSTRALIA LIMITED","Real Estate"
"CGS","COGSTATE LTD","Health Care Equipment & Services"
"GOW","GOWING BROS LIMITED","Diversified Financials"
"CGR","CML GROUP LIMITED","Commercial & Professional Services"
"PAB","PATRYS LIMITED","Pharmaceuticals, Biotechnology & Life Sciences"
"PAA","PHARMAUST LIMITED","Pharmaceuticals, Biotechnology & Life Sciences"
"GOZ","GROWTHPOINT PROPERTIES AUSTRALIA","Real Estate"
"PAC","PACIFIC CURRENT GROUP LIMITED","Diversified Financials"
"TIG","TIGERS REALM COAL LIMITED","Materials"
"PAF","PM CAPITAL ASIAN OPPORTUNITIES FUND LIMITED","Not Applic"
"TIN","TNT MINES LIMITED","Materials"
"PAI","PLATINUM ASIA INVESTMENTS LIMITED","Not Applic"
"PAK","PACIFIC AMERICAN COAL LIMITED","Materials"
"PAN","PANORAMIC RESOURCES LIMITED","Materials"
"CHC","CHARTER HALL GROUP","Real Estate"
"PAR","PARADIGM BIOPHARMACEUTICALS LIMITED..","Pharmaceuticals, Biotechnology & Life Sciences"
"GPP","GREENPOWER ENERGY LIMITED","Energy"
"CHK","COHIBA MINERALS LIMITED","Materials"
"CHN","CHALICE GOLD MINES LIMITED","Materials"
"GPR","GEOPACIFIC RESOURCES LTD","Materials"
"CHP","CHAPMANS LIMITED","Diversified Financials"
"GPT","GPT GROUP","Real Estate"
"GPS","GPS ALLIANCE HOLDINGS LIMITED","Real Estate"
"CHR","CHALMERS LIMITED","Transportation"
"XRF","XRF SCIENTIFIC LIMITED","Capital Goods"
"GPX","GRAPHEX MINING LIMITED","Materials"
"CHZ","CHESSER RESOURCES LIMITED","Materials"
"XRO","XERO LIMITED","Software & Services"
"CIA","CHAMPION IRON LIMITED","Materials"
"KYK","KYCKR LIMITED","Software & Services"
"CIE","CONTANGO INCOME GENERATOR  LIMITED","Not Applic"
"PBP","PROBIOTEC LIMITED","Pharmaceuticals, Biotechnology & Life Sciences"
"CII","CI RESOURCES LIMITED","Materials"
"PBT","PRANA BIOTECHNOLOGY LIMITED","Pharmaceuticals, Biotechnology & Life Sciences"
"CIM","CIMIC GROUP LIMITED","Capital Goods"
"PBX","PACIFIC BAUXITE LIMITED","Materials"
"CIO","CONNECTED IO LIMITED","Technology Hardware & Equipment"
"CIN","CARLTON INVESTMENTS LIMITED","Diversified Financials"
"CIP","CENTURIA INDUSTRIAL REIT","Real Estate"
"TKF","TIKFORCE LIMITED","Software & Services"
"CIW","CLIME INVESTMENT MANAGEMENT LTD","Diversified Financials"
"PCH","PROPERTY CONNECT HOLDINGS LIMITED","Software & Services"
"TKL","TRAKA RESOURCES LIMITED","Materials"
"CIZ","CORIZON LIMITED","Materials"
"PCG","PENGANA CAPITAL GROUP LIMITED","Diversified Financials"
"GRB","GAGE ROADS BREWING CO LIMITED","Food, Beverage & Tobacco"
"TKM","TREK METALS LIMITED","Materials"
"PCL","PANCONTINENTAL OIL & GAS NL","Energy"
"XST","XSTATE RESOURCES LIMITED","Energy"
"KZR","KALAMAZOO RESOURCES LIMITED","Materials"
"GRR","GRANGE RESOURCES LIMITED.","Materials"
"XTE","XTEK LIMITED.","Capital Goods"
"XTD","XTD LTD","Media"
"GRV","GREENVALE ENERGY LIMITED","Energy"
"TLG","TALGA RESOURCES LTD","Materials"
"PDI","PREDICTIVE DISCOVERY LIMITED","Materials"
"TLM","TALISMAN MINING LIMITED","Materials"
"GSC","GLOBAL GEOSCIENCE LIMITED","Materials"
"CKA","COKAL LIMITED","Materials"
"TLS","TELSTRA CORPORATION LIMITED.","Telecommunication Services"
"PDN","PALADIN ENERGY LTD","Energy"
"XTV","XTV NETWORKS LTD","Media"
"TLT","TILT RENEWABLES LIMITED.","Utilities"
"CKF","COLLINS FOODS LIMITED","Consumer Services"
"GSL","GREATCELL SOLAR LIMITED","Semiconductors & Semiconductor Equipment"
"TLX","TELIX PHARMACEUTICALS LIMITED","Class Pend"
"GSS","GENETIC SIGNATURES LIMITED","Pharmaceuticals, Biotechnology & Life Sciences"
"PDZ","PRAIRIE MINING LIMITED","Materials"
"CL1","CLASS LIMITED","Software & Services"
"GSW","GETSWIFT LIMITED","Software & Services"
"PEA","PACIFIC ENERGY LIMITED","Utilities"
"TME","TRADE ME GROUP LIMITED","Retailing"
"CL8","COLLABORATE CORPORATION LIMITED","Software & Services"
"PEC","PERPETUAL RESOURCES LIMITED","Energy"
"TML","TIMAH RESOURCES LIMITED","Utilities"
"PEG","PIXIE GROUP LIMITED","Consumer Services"
"TMK","TAMASKA OIL AND GAS LTD","Energy"
"PEL","PELICAN RESOURCES LIMITED","Materials"
"TMP","TECH MPIRE LIMITED","Media"
"PEK","PEAK RESOURCES LIMITED","Materials"
"PEN","PENINSULA ENERGY LIMITED","Energy"
"CLA","CELSIUS RESOURCES LIMITED.","Materials"
"GTE","GREAT WESTERN EXPLORATION LIMITED.","Materials"
"TMT","TECHNOLOGY METALS AUSTRALIA LIMITED","Materials"
"GTG","GENETIC TECHNOLOGIES LIMITED","Pharmaceuticals, Biotechnology & Life Sciences"
"CLH","COLLECTION HOUSE LIMITED","Commercial & Professional Services"
"TMX","TERRAIN MINERALS LIMITED","Materials"
"GTK","GENTRACK GROUP LIMITED","Software & Services"
"GTN","GTN LIMITED","Media"
"TMZ","THOMSON RESOURCES LIMITED","Materials"
"CLI","CROPLOGIC LIMITED","Commercial & Professional Services"
"CLL","COLLERINA COBALT LIMITED","Materials"
"PEX","PEEL MINING LIMITED","Materials"
"GTR","GTI RESOURCES LIMITED","Materials"
"PEZ","PREMIERE EASTERN ENERGY LIMITED","Energy"
"CLQ","CLEAN TEQ HOLDINGS LIMITED","Commercial & Professional Services"
"CLT","CELLNET GROUP LIMITED","Technology Hardware & Equipment"
"TNE","TECHNOLOGY ONE LIMITED","Software & Services"
"CLV","CLOVER CORPORATION LIMITED","Health Care Equipment & Services"
"TNG","TNG LIMITED","Materials"
"GTY","GATEWAY LIFESTYLE GROUP","Real Estate"
"CLX","CTI LOGISTICS LIMITED","Transportation"
"CLW","CHARTER HALL LONG WALE REIT","Real Estate"
"CM8","CROWD MOBILE LIMITED","Media"
"CLZ","CLASSIC MINERALS LTD","Materials"
"PFG","PRIME FINANCIAL GROUP LIMITED","Diversified Financials"
"TNK","THINK CHILDCARE LIMITED","Consumer Services"
"CLY","CLANCY EXPLORATION LIMITED","Materials"
"TNO","TANDO RESOURCES LIMITED","Class Pend"
"CMA","CENTURIA METROPOLITAN REIT","Real Estate"
"PFM","PACIFIC MINING LIMITED","Real Estate"
"GUD","G.U.D. HOLDINGS LIMITED","Consumer Durables & Apparel"
"TNP","TRIPLE ENERGY LIMITED","Energy"
"CMC","CHINA MAGNESIUM CORPORATION LIMITED","Materials"
"TNR","TORIAN RESOURCES LIMITED","Materials"
"TNT","TESSERENT LIMITED","Software & Services"
"CMI","CMI LIMITED.","Capital Goods"
"TNY","TINYBEANS GROUP LTD","Software & Services"
"GUL","GULLEWA LIMITED","Materials"
"CMM","CAPRICORN METALS LTD","Materials"
"CMP","COMPUMEDICS LIMITED","Health Care Equipment & Services"
"TOE","TORO ENERGY LIMITED","Energy"
"CMW","CROMWELL PROPERTY GROUP","Real Estate"
"PGC","PARAGON CARE LIMITED","Health Care Equipment & Services"
"CMY","CAPITAL MINING LIMITED","Materials"
"PGF","PM CAPITAL GLOBAL OPPORTUNITIES FUND LIMITED","Not Applic"
"PGH","PACT GROUP HOLDINGS LTD","Materials"
"TON","TRITON MINERALS LTD","Materials"
"PGI","PANTERRA GOLD LIMITED","Materials"
"TOM","TOMIZONE LIMITED","Software & Services"
"TOP","THORNEY OPPORTUNITIES LTD","Not Applic"
"GVF","GLOBAL VALUE FUND LIMITED","Not Applic"
"PGM","PLATINA RESOURCES LIMITED","Materials"
"CND","CLARIUS GROUP LIMITED","Commercial & Professional Services"
"TOT","360 CAPITAL TOTAL RETURN FUND","Not Applic"
"PGR","THE PAS GROUP LIMITED","Retailing"
"TOU","TLOU ENERGY LIMITED","Energy"
"PGS","PLANET GAS LIMITED","Energy"
"CNJ","CONICO LTD","Materials"
"CNI","CENTURIA CAPITAL GROUP","Diversified Financials"
"CNL","CELAMIN HOLDINGS NL","Materials"
"PGY","PILOT ENERGY LIMITED","Energy"
"TPC","TPC CONSOLIDATED LIMITED","Telecommunication Services"
"TPE","TPI ENTERPRISES LIMITED","Pharmaceuticals, Biotechnology & Life Sciences"
"TPD","TALON PETROLEUM LIMITED","Energy"
"CNU","CHORUS LIMITED","Telecommunication Services"
"CNX","CARBON ENERGY LIMITED","Energy"
"CNW","CIRRUS NETWORKS HOLDINGS LIMITED","Software & Services"
"GWA","GWA GROUP LIMITED.","Capital Goods"
"PHI","PHILEO AUSTRALIA LIMITED","Real Estate"
"TPM","TPG TELECOM LIMITED","Telecommunication Services"
"TPO","TIAN POH RESOURCES LIMITED","Materials"
"TPP","TEMPO AUSTRALIA LTD","Commercial & Professional Services"
"COB","COBALT BLUE HOLDINGS LIMITED","Materials"
"COE","COOPER ENERGY LIMITED","Energy"
"COG","CONSOLIDATED OPERATIONS GROUP LIMITED","Not Applic"
"TPW","TEMPLE & WEBSTER GROUP LTD","Retailing"
"COI","COMET RIDGE LIMITED","Energy"
"COH","COCHLEAR LIMITED","Health Care Equipment & Services"
"COM","COMOPS LIMITED","Software & Services"
"COO","CORUM GROUP LIMITED","Software & Services"
"GWR","GWR GROUP LIMITED","Materials"
"CP1","CANNPAL ANIMAL THERAPEUTICS LIMITED","Pharmaceuticals, Biotechnology & Life Sciences"
"D13","DEPARTMENT 13 INTERNATIONAL LTD","Capital Goods"
"PIC","PERPETUAL EQUITY INVESTMENT COMPANY LIMITED","Not Applic"
"COY","COPPERMOLY LIMITED","Materials"
"LAA","LATAM AUTOS LIMITED","Software & Services"
"PIL","PEPPERMINT INNOVATION LIMITED","Software & Services"
"PIO","PIONEER RESOURCES LIMITED","Materials"
"LAM","LARAMIDE RESOURCES LTD","Energy"
"PIQ","PROTEOMICS INTERNATIONAL LABORATORIES LTD","Pharmaceuticals, Biotechnology & Life Sciences"
"CPH","CRESO PHARMA LIMITED","Pharmaceuticals, Biotechnology & Life Sciences"
"GXL","GREENCROSS LIMITED","Retailing"
"LAU","LINDSAY AUSTRALIA LIMITED","Transportation"
"TRA","TURNERS AUTOMOTIVE GROUP LIMITED","Diversified Financials"
"CPU","COMPUTERSHARE LIMITED.","Software & Services"
"GXY","GALAXY RESOURCES LIMITED","Materials"
"TRM","TRUSCOTT MINING CORPORATION LIMITED","Materials"
"TRL","TANGA RESOURCES LIMITED","Materials"
"TRS","THE REJECT SHOP LIMITED","Retailing"
"LBL","LASERBOND LIMITED","Capital Goods"
"TRT","TODD RIVER RESOURCES LIMITED","Materials"
"TRY","TROY RESOURCES LIMITED","Materials"
"LBT","LBT INNOVATIONS LIMITED","Health Care Equipment & Services"
"D2O","DUXTON WATER LIMITED","Utilities"
"CQR","CHARTER HALL RETAIL REIT","Real Estate"
"PKA","PLUKKA LIMITED","Diversified Financials"
"PKD","PARKD LTD","Class Pend"
"LCA","LITIGATION CAPITAL MANAGEMENT LIMITED","Diversified Financials"
"LCD","LATITUDE CONSOLIDATED LIMITED","Materials"
"TSL","TITANIUM SANDS LIMITED","Materials"
"TSN","TRANSACTION SOLUTIONS INTERNATIONAL LIMITED","Software & Services"
"LCE","LONDON CITY EQUITIES LIMITED","Diversified Financials"
"CRB","CARBINE RESOURCES LIMITED","Materials"
"LCK","LEIGH CREEK ENERGY LIMITED","Energy"
"PKO","PEAKO LIMITED","Energy"
"LCM","LOGICAMMS LIMITED","Capital Goods"
"GZL","GAZAL CORPORATION LIMITED","Consumer Durables & Apparel"
"CRL","COMET RESOURCES LIMITED","Materials"
"LCT","LIVING CELL TECHNOLOGIES LIMITED","Pharmaceuticals, Biotechnology & Life Sciences"
"PL8","PLATO INCOME MAXIMISER LIMITED.","Not Applic"
"CRM","CARBON MINERALS LIMITED","Energy"
"TTA","TTA HOLDINGS LIMITED","Retailing"
"CRR","CONVENIENCE RETAIL REIT","Real Estate"
"TTC","TRADITIONAL THERAPY CLINICS LIMITED","Health Care Equipment & Services"
"LCY","LEGACY IRON ORE LIMITED","Materials"
"TTI","TRAFFIC TECHNOLOGIES LTD.","Transportation"
"PLG","PROPERTYLINK GROUP","Real Estate"
"TTM","TITAN MINERALS LIMITED","Materials"
"TTL","TRANSCENDENCE TECHNOLOGIES LIMITED","Diversified Financials"
"PLL","PIEDMONT LITHIUM LTD","Materials"
"CSE","COPPER STRIKE LIMITED","Materials"
"CSD","CONSOLIDATED TIN MINES LIMITED","Materials"
"PM1","PURE MINERALS LIMITED","Materials"
"TTT","TITOMIC LIMITED","Materials"
"PLS","PILBARA MINERALS LIMITED","Materials"
"TTW","TOPTUNG LTD","Materials"
"CSL","CSL LIMITED","Pharmaceuticals, Biotechnology & Life Sciences"
"PLX","PYROLYX AG","Materials"
"CT1","CCP TECHNOLOGIES LIMITED","Technology Hardware & Equipment"
"CSS","CLEAN SEAS SEAFOOD LIMITED","Food, Beverage & Tobacco"
"CSR","CSR LIMITED","Materials"
"CSV","CSG LIMITED","Software & Services"
"PMC","PLATINUM CAPITAL LIMITED","Diversified Financials"
"PME","PRO MEDICUS LIMITED","Health Care Equipment & Services"
"LEG","LEGEND MINING LIMITED","Materials"
"TV2","TV2U INTERNATIONAL LIMITED","Software & Services"
"CTD","CORPORATE TRAVEL MANAGEMENT LIMITED","Consumer Services"
"PMP","PMP LIMITED","Commercial & Professional Services"
"CTE","CRYOSITE LIMITED","Pharmaceuticals, Biotechnology & Life Sciences"
"LEP","ALE PROPERTY GROUP","Real Estate"
"LER","LEAF RESOURCES LTD","Materials"
"PMV","PREMIER INVESTMENTS LIMITED","Retailing"
"CTL","CENTENNIAL MINING LIMITED","Materials"
"CTM","CENTAURUS METALS LIMITED","Materials"
"PMY","PACIFICO MINERALS LIMITED","Materials"
"CTP","CENTRAL PETROLEUM LIMITED","Energy"
"LEX","LEFROY EXPLORATION LIMITED","Materials"
"CTO","CITIGOLD CORPORATION LIMITED","Materials"
"PNC","PIONEER CREDIT LIMITED","Diversified Financials"
"CTX","CALTEX AUSTRALIA LIMITED","Energy"
"LFC","LIFE CORPORATION LTD","Consumer Services"
"PNI","PINNACLE INVESTMENT MANAGEMENT GROUP LIMITED","Diversified Financials"
"PNL","PARINGA RESOURCES LIMITED","Energy"
"PNN","PEPINNINI MINERALS LIMITED","Materials"
"CUE","CUE ENERGY RESOURCES LIMITED","Energy"
"PNR","PANTORO LIMITED","Materials"
"PNW","PACIFIC STAR NETWORK LIMITED","Media"
"PNV","POLYNOVO LIMITED","Pharmaceuticals, Biotechnology & Life Sciences"
"CUL","CULLEN RESOURCES LIMITED","Materials"
"PNX","PNX METALS LIMITED","Materials"
"CUP","COUNTPLUS LIMITED","Commercial & Professional Services"
"CV1","CV CHECK LTD","Software & Services"
"TWD","TAMAWOOD LIMITED","Consumer Durables & Apparel"
"TWE","TREASURY WINE ESTATES LIMITED","Food, Beverage & Tobacco"
"CUV","CLINUVEL PHARMACEUTICALS LIMITED","Pharmaceuticals, Biotechnology & Life Sciences"
"CUX","CROSSLAND STRATEGIC METALS LTD","Materials"
"LGD","LEGEND CORPORATION LIMITED","Capital Goods"
"POH","PHOSPHAGENICS LIMITED","Pharmaceuticals, Biotechnology & Life Sciences"
"TWR","TOWER LIMITED","Insurance"
"CVC","CVC LIMITED","Diversified Financials"
"LGO","LONGREACH OIL LIMITED","Energy"
"POS","POSEIDON NICKEL LIMITED","Materials"
"LGR","LANKA GRAPHITE LIMITED","Materials"
"POW","PROTEAN ENERGY LIMITED","Capital Goods"
"CVN","CARNARVON PETROLEUM LIMITED","Energy"
"POZ","POZ MINERALS LIMITED","Materials"
"CVT","COVATA LIMITED","Software & Services"
"CVS","CERVANTES CORPORATION LIMITED","Materials"
"CVV","CARAVEL MINERALS LIMITED","Materials"
"PPC","PEET LIMITED","Real Estate"
"PPE","PEOPLE INFRASTRUCTURE LTD","Class Pend"
"CVW","CLEARVIEW WEALTH LIMITED","Diversified Financials"
"YAL","YANCOAL AUSTRALIA LIMITED","Energy"
"PPG","PRO-PAC PACKAGING LIMITED","Materials"
"LHB","LIONHUB GROUP LIMITED","Real Estate"
"PPH","PUSHPAY HOLDINGS LIMITED","Software & Services"
"PPK","PPK GROUP LIMITED","Capital Goods"
"PPL","PUREPROFILE LTD","Software & Services"
"LHM","LAND & HOMES GROUP LIMITED","Real Estate"
"PPS","PRAEMIUM LIMITED","Software & Services"
"PPT","PERPETUAL LIMITED","Diversified Financials"
"LI3","LITHIUM CONSOLIDATED MINERAL EXPLORATION LIMITED","Materials"
"PPY","PAPYRUS AUSTRALIA LIMITED","Materials"
"CWN","CROWN RESORTS LIMITED","Consumer Services"
"CWP","CEDAR WOODS PROPERTIES LIMITED","Real Estate"
"CWY","CLEANAWAY WASTE MANAGEMENT LIMITED","Commercial & Professional Services"
"LIC","LIFESTYLE COMMUNITIES LIMITED","Real Estate"
"TYK","TYCHEAN RESOURCES LTD","Materials"
"YBR","YELLOW BRICK ROAD HOLDINGS LIMITED","Diversified Financials"
"LIN","LINDIAN RESOURCES LIMITED","Materials"
"TYX","TYRANNA RESOURCES LIMITED","Materials"
"LIO","LION ENERGY LIMITED","Energy"
"LIT","LITHIUM AUSTRALIA NL","Materials"
"HAR","HARANGA RESOURCES LIMITED","Materials"
"CXM","CENTREX METALS LIMITED","Materials"
"CXO","CORE EXPLORATION LIMITED","Materials"
"HAS","HASTINGS TECHNOLOGY METALS LTD","Materials"
"HAV","HAVILAH RESOURCES LIMITED","Materials"
"HAW","HAWTHORN RESOURCES LIMITED","Materials"
"CXU","CAULDRON ENERGY LIMITED","Energy"
"CXX","CRADLE RESOURCES LIMITED","Materials"
"CXZ","CONNEXION MEDIA LIMITED","Software & Services"
"TZL","TZ LIMITED","Technology Hardware & Equipment"
"TZN","TERRAMIN AUSTRALIA LIMITED.","Materials"
"CYA","CENTURY AUSTRALIA INVESTMENTS LIMITED","Diversified Financials"
"PRL","PETREL ENERGY LIMITED","Energy"
"CYC","CYCLOPHARM LIMITED","Health Care Equipment & Services"
"PRO","PROPHECY INTERNATIONAL HOLDINGS LIMITED","Software & Services"
"CYB","CYBG PLC","Banks"
"CYG","COVENTRY GROUP LIMITED","Capital Goods"
"PRU","PERSEUS MINING LIMITED","Materials"
"PRT","PRIME MEDIA GROUP LIMITED","Media"
"PRY","PRIMARY HEALTH CARE LIMITED","Health Care Equipment & Services"
"CYL","CATALYST METALS LIMITED","Materials"
"CYQ","CYCLIQ GROUP LTD","Software & Services"
"CYP","CYNATA THERAPEUTICS LIMITED","Pharmaceuticals, Biotechnology & Life Sciences"
"PSA","PETSEC ENERGY LIMITED","Energy"
"PSC","PROSPECT RESOURCES LIMITED","Materials"
"LKE","LAKE RESOURCES N.L.","Materials"
"PSI","PSC INSURANCE GROUP LIMITED","Insurance"
"PSM","PENINSULA MINES LIMITED","Energy"
"HCH","HOT CHILI LIMITED","Materials"
"PSQ","PACIFIC SMILES GROUP LIMITED","Health Care Equipment & Services"
"LKO","LAKES OIL NL","Energy"
"CZI","CASSINI RESOURCES LIMITED","Materials"
"CZL","CONSOLIDATED ZINC LIMITED","Materials"
"CZN","CORAZON MINING LIMITED","Materials"
"PSZ","PS&C LIMITED","Commercial & Professional Services"
"PSY","PANORAMA SYNERGY LTD","Software & Services"
"HCT","HOLISTA COLLTECH LIMITED","Household & Personal Products"
"CZR","COZIRON RESOURCES LIMITED","Materials"
"PTB","PTB GROUP LIMITED","Capital Goods"
"CZZ","CAPILANO HONEY LIMITED","Food, Beverage & Tobacco"
"LLC","LENDLEASE GROUP","Real Estate"
"PTM","PLATINUM ASSET MANAGEMENT LIMITED","Diversified Financials"
"PTL","PENTAL LIMITED","Household & Personal Products"
"LLO","LION ONE METALS LIMITED","Materials"
"PTR","PETRATHERM LTD","Utilities"
"PTX","PRESCIENT THERAPEUTICS LIMITED","Pharmaceuticals, Biotechnology & Life Sciences"
"HE8","HELIOS ENERGY LTD","Energy"
"HDX","HUGHES DRILLING LIMITED","Materials"
"LMG","LATROBE MAGNESIUM LIMITED","Materials"
"PUN","PEGASUS METALS LIMITED","Materials"
"LML","LINCOLN MINERALS LIMITED","Materials"
"HEG","HILL END GOLD LIMITED","Materials"
"PUR","PURSUIT MINERALS LTD","Materials"
"LMW","LANDMARK WHITE LIMITED","Real Estate"
"PVE","PO VALLEY ENERGY LIMITED","Energy"
"PVD","PURA VIDA ENERGY NL","Energy"
"LNG","LIQUEFIED NATURAL GAS LIMITED","Energy"
"PVL","POWERHOUSE VENTURES LIMITED","Commercial & Professional Services"
"LNK","LINK ADMINISTRATION HOLDINGS LIMITED","Software & Services"
"LNU","LINIUS TECHNOLOGIES LIMITED","Software & Services"
"HFR","HIGHFIELD RESOURCES LIMITED","Materials"
"LNY","LANEWAY RESOURCES LTD","Materials"
"PWH","PWR HOLDINGS LIMITED","Automobiles & Components"
"PWN","PARKWAY MINERALS NL","Materials"
"LOM","LUCAPA DIAMOND COMPANY LIMITED","Materials"
"HGL","HUDSON INVESTMENT GROUP LIMITED","Real Estate"
"HGO","HILLGROVE RESOURCES LIMITED","Materials"
"LOV","LOVISA HOLDINGS LIMITED","Retailing"
"LPE","LOCALITY PLANNING ENERGY HOLDINGS LIMITED","Utilities"
"LPD","LEPIDICO LTD","Materials"
"LPI","LITHIUM POWER INTERNATIONAL LIMITED","Materials"
"PXS","PHARMAXIS LTD","Pharmaceuticals, Biotechnology & Life Sciences"
"HHM","HAMPTON HILL MINING NL","Materials"
"PXX","POLARX LIMITED","Materials"
"HHY","HHY FUND","Not Applic"
"PYC","PHYLOGICA LIMITED","Pharmaceuticals, Biotechnology & Life Sciences"
"UBI","UNIVERSAL BIOSENSORS INC.","Health Care Equipment & Services"
"UBN","URBANISE.COM LIMITED","Software & Services"
"HIG","HIGHLANDS PACIFIC LIMITED","Materials"
"DAF","DISCOVERY AFRICA LIMITED","Materials"
"HIL","HILLS LIMITED","Technology Hardware & Equipment"
"HIT","HITECH GROUP AUSTRALIA LIMITED","Commercial & Professional Services"
"DAV","DAVENPORT RESOURCES LIMITED","Materials"
"PZC","PAN ASIA CORPORATION LIMITED","Energy"
"DAU","DAMPIER GOLD LIMITED","Materials"
"UCM","USCOM LIMITED","Health Care Equipment & Services"
"LRM","LUSTRUM MINERALS LTD","Class Pend"
"UCW","UCW LIMITED","Consumer Services"
"LRS","LATIN RESOURCES LIMITED","Materials"
"LSA","LACHLAN STAR LIMITED","Materials"
"LSH","LIFESPOT HEALTH LTD","Health Care Equipment & Services"
"DCC","DIGITALX LIMITED","Software & Services"
"DCG","DECMIL GROUP LIMITED","Capital Goods"
"LSR","LODESTAR MINERALS LIMITED","Materials"
"DCL","DOMACOM LIMITED","Diversified Financials"
"DCN","DACIAN GOLD LIMITED","Materials"
"LSX","LION SELECTION GROUP LIMITED.","Diversified Financials"
"DDD","3D RESOURCES LIMITED","Materials"
"LTN","LANTERN HOTEL GROUP","Real Estate"
"HLO","HELLOWORLD TRAVEL LIMITED","Consumer Services"
"LTR","LIONTOWN RESOURCES LIMITED","Materials"
"DDR","DICKER DATA LIMITED","Technology Hardware & Equipment"
"DDT","DATADOT TECHNOLOGY LIMITED","Automobiles & Components"
"HLX","HELIX RESOURCES LIMITED","Materials"
"HML","HENRY MORGAN LIMITED","Not Applic"
"DEG","DE GREY MINING LIMITED","Materials"
"HMO","HEARMEOUT LIMITED","Software & Services"
"DEM","DE.MEM LIMITED","Utilities"
"HMX","HAMMER METALS LIMITED","Materials"
"YOJ","YOJEE LIMITED","Materials"
"LVE","LOVE GROUP GLOBAL LTD","Software & Services"
"LVH","LIVEHIRE LIMITED","Software & Services"
"HNG","HGL LIMITED","Capital Goods"
"YOW","YOWIE GROUP LTD","Food, Beverage & Tobacco"
"DFM","DONGFANG MODERN AGRICULTURE HOLDING GROUP LIMITED","Food, Beverage & Tobacco"
"YPB","YPB GROUP LTD","Commercial & Professional Services"
"LVT","LIVETILES LIMITED","Software & Services"
"M7T","MACH7 TECHNOLOGIES LIMITED","Health Care Equipment & Services"
"HNR","HANNANS LTD","Materials"
"HOG","HAWKLEY OIL AND GAS LIMITED","Energy"
"DGH","DESANE GROUP HOLDINGS LIMITED","Real Estate"
"LWP","LWP TECHNOLOGIES LIMITED","Energy"
"HOM","HOMELOANS LIMITED","Banks"
"HOR","HORSESHOE METALS LIMITED","Materials"
"HOT","HOTCOPPER HOLDINGS LIMITED","Software & Services"
"DGO","DGO GOLD LIMITED","Materials"
"DGR","DGR GLOBAL LIMITED","Materials"
"DGX","DIPLOMA GROUP LIMITED","Capital Goods"
"UIL","UIL ENERGY LTD","Energy"
"QAN","QANTAS AIRWAYS LIMITED","Transportation"
"HPI","HOTEL PROPERTY INVESTMENTS","Real Estate"
"HPR","HIGH PEAK ROYALTIES LIMITED","Utilities"
"DHR","DARK HORSE RESOURCES LIMITED","Materials"
"QBE","QBE INSURANCE GROUP LIMITED","Insurance"
"LYC","LYNAS CORPORATION LIMITED","Materials"
"QBL","QUEENSLAND BAUXITE LIMITED","Materials"
"LYL","LYCOPODIUM LIMITED","Capital Goods"
"HRL","HRL HOLDINGS LTD","Commercial & Professional Services"
"HRN","HORIZON GOLD LIMITED","Materials"
"DJW","DJERRIWARRH INVESTMENTS LIMITED","Diversified Financials"
"HSN","HANSEN TECHNOLOGIES LIMITED","Software & Services"
"HT1","HT&E LIMITED","Media"
"HSO","HEALTHSCOPE LIMITED.","Health Care Equipment & Services"
"DKM","DUKETON MINING LIMITED","Materials"
"HT8","HARRIS TECHNOLOGY GROUP LIMITED","Retailing"
"HTA","HUTCHISON TELECOMMUNICATIONS (AUSTRALIA) LIMITED","Telecommunication Services"
"DLC","DELECTA LIMITED","Retailing"
"DLX","DULUXGROUP LIMITED","Materials"
"UNL","UNITED NETWORKS LIMITED","Telecommunication Services"
"HUB","HUB24 LIMITED","Diversified Financials"
"DMA","DYNASTY RESOURCES LIMITED","Materials"
"DMC","DIGIMATIC GROUP LIMITED","Software & Services"
"UNV","UNIVERSAL COAL PLC","Energy"
"DME","DOME GOLD MINES LIMITED","Materials"
"DMG","DRAGON MOUNTAIN GOLD LIMITED","Materials"
"HUO","HUON AQUACULTURE GROUP LIMITED","Food, Beverage & Tobacco"
"QFY","QUANTIFY TECHNOLOGY HOLDINGS LIMITED","Energy"
"DMP","DOMINO'S PIZZA ENTERPRISES LIMITED","Consumer Services"
"DN8","DREAMSCAPE NETWORKS LIMITED","Software & Services"
"DNA","DONACO INTERNATIONAL LIMITED","Consumer Services"
"UOS","UNITED OVERSEAS AUSTRALIA LIMITED","Real Estate"
"DNK","DANAKALI LIMITED","Materials"
"HVN","HARVEY NORMAN HOLDINGS LIMITED","Retailing"
"UPD","UPDATER INC","Software & Services"
"QHL","QUICKSTEP HOLDINGS LIMITED","Capital Goods"
"MA1","MONASH ABSOLUTE INVESTMENT COMPANY LIMITED","Not Applic"
"HWK","HAWKSTONE MINING LIMITED","Materials"
"DOR","DORIEMUS PLC","Energy"
"DOW","DOWNER EDI LIMITED","Commercial & Professional Services"
"MAG","MAGMATIC RESOURCES LIMITED","Materials"
"MAI","MAINSTREAM GROUP HOLDINGS LIMITED","Diversified Financials"
"MAH","MACMAHON HOLDINGS LIMITED","Capital Goods"
"HXG","HEXAGON RESOURCES LIMITED","Materials"
"QIN","QUINTIS LTD","Materials"
"QIP","QANTM INTELLECTUAL PROPERTY LIMITED","Commercial & Professional Services"
"MAQ","MACQUARIE TELECOM GROUP LIMITED","Telecommunication Services"
"MAS","MESA MINERALS LIMITED","Materials"
"MAR","MALACHITE RESOURCES LIMITED","Materials"
"MAU","MAGNETIC RESOURCES NL","Materials"
"MAT","MATSA RESOURCES LIMITED","Materials"
"MAY","MELBANA ENERGY LIMITED","Energy"
"URB","URB INVESTMENTS LIMITED","Not Applic"
"MAX","MILLINIUM'S ALTERNATIVES FUND.","Not Applic"
"URF","US MASTERS RESIDENTIAL PROPERTY FUND","Real Estate"
"MBK","METAL BANK LIMITED","Materials"
"MBM","MOBECOM LIMITED","Software & Services"
"MBO","MOBILARM LIMITED","Technology Hardware & Equipment"
"MBT","MISSION NEWENERGY LIMITED","Energy"
"E2M","E2 METALS LIMITED","Materials"
"MCA","MURRAY COD AUSTRALIA LIMITED","Food, Beverage & Tobacco"
"MCE","MATRIX COMPOSITES & ENGINEERING LIMITED","Energy"
"DRA","DRAGON MINING LIMITED","Materials"
"MCH","MURCHISON HOLDINGS LIMITED","Diversified Financials"
"USR","US RESIDENTIAL FUND","Not Applic"
"MCP","MCPHERSON'S LIMITED","Consumer Durables & Apparel"
"DRK","DRAKE RESOURCES LIMITED","Materials"
"HZN","HORIZON OIL LIMITED","Energy"
"MCR","MINCOR RESOURCES NL","Materials"
"DRM","DORAY MINERALS LIMITED","Materials"
"MCT","METALICITY LIMITED","Materials"
"DRO","DRONESHIELD LIMITED","Technology Hardware & Equipment"
"HZR","HAZER GROUP LIMITED","Materials"
"MCY","MERCURY NZ LIMITED","Utilities"
"MCX","MARINER CORPORATION LIMITED","Diversified Financials"
"DRX","DIATREME RESOURCES LIMITED","Materials"
"MDD","MANDALONG RESOURCES LIMITED","Materials"
"MDC","MEDLAB CLINICAL LIMITED","Pharmaceuticals, Biotechnology & Life Sciences"
"UTR","ULTRACHARGE LIMITED","Capital Goods"
"MDI","MIDDLE ISLAND RESOURCES LIMITED","Materials"
"MDL","MINERAL DEPOSITS LIMITED","Materials"
"DSE","DROPSUITE LIMITED","Software & Services"
"MDR","MEDADVISOR LIMITED","Health Care Equipment & Services"
"MDX","MINDAX LIMITED","Materials"
"DSX","DECIMAL SOFTWARE LIMITED","Software & Services"
"MEA","MCGRATH LIMITED","Real Estate"
"MEC","MORPHIC ETHICAL EQUITIES FUND LIMITED","Diversified Financials"
"MEB","MEDIBIO LIMITED","Pharmaceuticals, Biotechnology & Life Sciences"
"MED","MERLIN DIAMONDS LIMITED","Materials"
"UUL","ULTIMA UNITED LIMITED","Real Estate"
"MEI","METEORIC RESOURCES NL","Materials"
"MEM","MEMPHASYS LIMITED.","Pharmaceuticals, Biotechnology & Life Sciences"
"MEL","METGASCO LIMITED","Energy"
"QMS","QMS MEDIA LIMITED","Media"
"UUV","UUV AQUABOTIX LTD","Capital Goods"
"DTI","DTI GROUP LTD","Technology Hardware & Equipment"
"MEQ","METLIFECARE LIMITED","Health Care Equipment & Services"
"MEP","MINOTAUR EXPLORATION LTD","Materials"
"DTM","DART MINING NL","Materials"
"MEU","MARMOTA LIMITED","Energy"
"DTL","DATA#3 LIMITED","Software & Services"
"MEY","MARENICA ENERGY LTD","Energy"
"DTS","DRAGONTAIL SYSTEMS LIMITED","Software & Services"
"DTR","DATELINE RESOURCES LIMITED","Materials"
"MEZ","MERIDIAN ENERGY LIMITED","Utilities"
"MFD","MAYFIELD CHILDCARE LIMITED","Consumer Services"
"DTZ","DOTZ NANO LIMITED","Semiconductors & Semiconductor Equipment"
"MFF","MFF CAPITAL INVESTMENTS LIMITED","Diversified Financials"
"MFG","MAGELLAN FINANCIAL GROUP LIMITED","Diversified Financials"
"DUB","DUBBER CORPORATION LIMITED","Software & Services"
"DUI","DIVERSIFIED UNITED INVESTMENT LIMITED","Diversified Financials"
"MGC","MG UNIT TRUST","Food, Beverage & Tobacco"
"MGG","MAGELLAN GLOBAL TRUST","Not Applic"
"MGL","MAGONTEC LIMITED","Materials"
"MGP","MANAGED ACCOUNTS HOLDINGS LIMITED","Diversified Financials"
"MGR","MIRVAC GROUP","Real Estate"
"MGU","MAGNUM MINING AND EXPLORATION LIMITED","Materials"
"DVL","DORSAVI LTD","Pharmaceuticals, Biotechnology & Life Sciences"
"MGT","MAGNETITE MINES LIMITED.","Materials"
"DVN","DEVINE LIMITED","Real Estate"
"MGV","MUSGRAVE MINERALS LIMITED","Materials"
"MGX","MOUNT GIBSON IRON LIMITED","Materials"
"MGZ","MEDIGARD LIMITED","Health Care Equipment & Services"
"DW8","DAWINE LTD","Food, Beverage & Tobacco"
"E88","ENSOGO LIMITED","Retailing"
"ZAM","ZAMANCO MINERALS LIMITED","Materials"
"MHD","MILLENNIUM LIMITED","Consumer Durables & Apparel"
"MHC","MANHATTAN CORPORATION LIMITED","Energy"
"MHJ","MICHAEL HILL INTERNATIONAL LIMITED","Consumer Durables & Apparel"
"MHI","MERCHANT HOUSE INTERNATIONAL LIMITED","Consumer Durables & Apparel"
"DWS","DWS LIMITED","Software & Services"
"IAA","ISHARES ASIA 50 ETF","Not Applic"
"MIG","MIGME LIMITED","Software & Services"
"IAB","INABOX GROUP LIMITED","Telecommunication Services"
"MIH","MNC MEDIA INVESTMENT LTD","Telecommunication Services"
"IAG","INSURANCE AUSTRALIA GROUP LIMITED","Insurance"
"DXB","DIMERIX LIMITED","Pharmaceuticals, Biotechnology & Life Sciences"
"MIL","MILLENNIUM SERVICES GROUP LIMITED","Commercial & Professional Services"
"MIN","MINERAL RESOURCES LIMITED","Materials"
"IAM","INTIGER GROUP LIMITED","Software & Services"
"MIR","MIRRABOOKA INVESTMENTS LIMITED","Diversified Financials"
"IAU","INTREPID MINES LIMITED","Materials"
"IB8","IBOSSES CORPORATION LIMITED","Consumer Services"
"DXS","DEXUS","Real Estate"
"R3D","R3D GLOBAL LIMITED","Media"
"MJC","MEJORITY CAPITAL LIMITED","Diversified Financials"
"IBC","IRONBARK CAPITAL LIMITED","Diversified Financials"
"IBG","IRONBARK ZINC LTD","Materials"
"IBK","ISHARES MSCI BRIC ETF","Not Applic"
"IBN","IBUYNEW GROUP LIMITED","Consumer Services"
"DYL","DEEP YELLOW LIMITED","Energy"
"A2M","THE A2 MILK COMPANY LIMITED","Food, Beverage & Tobacco"
"IBX","IMAGION BIOSYSTEMS LIMITED","Health Care Equipment & Services"
"MKB","MOKO SOCIAL MEDIA LIMITED","Software & Services"
"ICG","INCA MINERALS LIMITED","Materials"
"ICI","ICANDY INTERACTIVE LIMITED","Software & Services"
"QSS","QUESTUS LIMITED","Diversified Financials"
"A3D","AURORA LABS LIMITED","Capital Goods"
"QST","QUEST INVESTMENTS LIMITED","Diversified Financials"
"ICN","ICON ENERGY LIMITED","Energy"
"ICQ","ICAR ASIA LIMITED","Media"
"ICS","ICSGLOBAL LIMITED","Health Care Equipment & Services"
"ICU","ISENTRIC LIMITED.","Software & Services"
"ICT","ICOLLEGE LIMITED","Consumer Services"
"ZEL","Z ENERGY LIMITED.","Energy"
"ZEN","ZENITH ENERGY LIMITED","Utilities"
"MLD","MACA LIMITED","Materials"
"ZER","ZETA RESOURCES LIMITED","Not Applic"
"IDA","INDIANA RESOURCES LIMITED","Materials"
"QTM","QUANTUM ENERGY LIMITED.","Consumer Durables & Apparel"
"ZEU","ZEUS RESOURCES LIMITED","Energy"
"MLM","METALLICA MINERALS LIMITED","Materials"
"MLT","MILTON CORPORATION LIMITED","Diversified Financials"
"IDO","INDO MINES LIMITED","Materials"
"MLS","METALS AUSTRALIA LTD","Materials"
"IDR","INDUSTRIA REIT","Real Estate"
"IDT","IDT AUSTRALIA LIMITED","Pharmaceuticals, Biotechnology & Life Sciences"
"MLX","METALS X LIMITED","Materials"
"IDX","INTEGRAL DIAGNOSTICS LIMITED","Health Care Equipment & Services"
"IDZ","INDOOR SKYDIVE AUSTRALIA GROUP LIMITED","Consumer Services"
"QUB","QUBE HOLDINGS LIMITED","Transportation"
"QUE","QUESTE COMMUNICATIONS LIMITED","Telecommunication Services"
"IEC","INTRA ENERGY CORPORATION LIMITED","Energy"
"MMG","MMG LIMITED","Materials"
"MMI","METRO MINING LIMITED","Energy"
"MMJ","MMJ PHYTOTECH LIMITED","Pharmaceuticals, Biotechnology & Life Sciences"
"MML","MEDUSA MINING LIMITED","Materials"
"IEM","ISHARES MSCI EMERGING MARKETS ETF","Not Applic"
"IEL","IDP EDUCATION LIMITED","Consumer Services"
"MMS","MCMILLAN SHAKESPEARE LIMITED","Commercial & Professional Services"
"MMR","MEC RESOURCES LIMITED","Energy"
"IEQ","INTERNATIONAL EQUITIES CORPORATION LIMITED.","Real Estate"
"IEU","ISHARES EUROPE ETF","Not Applic"
"ZGL","ZICOM GROUP LIMITED","Capital Goods"
"MNB","MINBOS RESOURCES LIMITED","Materials"
"QVE","QV EQUITIES LIMITED","Not Applic"
"ZGM","ZAMIA METALS LIMITED","Materials"
"MND","MONADELPHOUS GROUP LIMITED","Capital Goods"
"MNC","METMINCO LIMITED","Materials"
"MNF","MNF GROUP LIMITED","Telecommunication Services"
"IFL","IOOF HOLDINGS LIMITED","Diversified Financials"
"IFN","INFIGEN ENERGY","Utilities"
"IFM","INFOMEDIA LTD","Software & Services"
"MNS","MAGNIS RESOURCES LIMITED.","Materials"
"IFT","INFRATIL LIMITED.","Utilities"
"MNW","MINT PAYMENTS LIMITED","Software & Services"
"MNY","MONEY3 CORPORATION LIMITED","Diversified Financials"
"MOC","MORTGAGE CHOICE LIMITED","Banks"
"MOB","MOBILICOM LIMITED","Technology Hardware & Equipment"
"MOE","MOELIS AUSTRALIA LIMITED","Diversified Financials"
"MOD","MOD RESOURCES LIMITED","Materials"
"IGE","INTEGRATED GREEN ENERGY SOLUTIONS LTD","Materials"
"MOQ","MOQ LIMITED","Software & Services"
"IGL","IVE GROUP LIMITED","Media"
"MP1","MEGAPORT LIMITED","Software & Services"
"IGO","INDEPENDENCE GROUP NL","Materials"
"IGS","INTERNATIONAL GOLDFIELDS LIMITED...","Materials"
"MOY","MILLENNIUM MINERALS LIMITED","Materials"
"MOX","MONAX MINING LIMITED","Materials"
"VAH","VIRGIN AUSTRALIA HOLDINGS LIMITED","Transportation"
"ZIM","ZIMPLATS HOLDINGS LIMITED","Materials"
"VAL","VALOR RESOURCES LIMITED","Materials"
"ZIP","ZIPTEL LIMITED","Telecommunication Services"
"VAN","VANGO MINING LIMITED","Materials"
"N1H","N1 HOLDINGS LIMITED","Banks"
"VAR","VARISCAN MINES LIMITED","Materials"
"MPL","MEDIBANK PRIVATE LIMITED","Insurance"
"MPP","METRO PERFORMANCE GLASS LIMITED","Materials"
"IHL","IMPRESSION HEALTHCARE LIMITED","Health Care Equipment & Services"
"IHK","ISHARES MSCI HONG KONG ETF","Not Applic"
"MPO","MOLOPO ENERGY LIMITED","Energy"
"N27","NORTHERN COBALT LIMITED","Materials"
"MPX","MUSTERA PROPERTY GROUP LIMITED","Real Estate"
"MPW","MSL SOLUTIONS LIMITED","Software & Services"
"MQG","MACQUARIE GROUP LIMITED","Diversified Financials"
"VBS","VECTUS BIOSYSTEMS LIMITED","Pharmaceuticals, Biotechnology & Life Sciences"
"EAI","ELLERSTON ASIAN INVESTMENTS LIMITED","Not Applic"
"IIL","INNATE IMMUNOTHERAPEUTICS LIMITED","Pharmaceuticals, Biotechnology & Life Sciences"
"MQR","MARQUEE RESOURCES LIMITED","Materials"
"EAS","EASTON INVESTMENTS LIMITED","Diversified Financials"
"EAR","ECHO RESOURCES LIMITED","Materials"
"EAX","ENERGY ACTION LIMITED","Commercial & Professional Services"
"MRD","MOUNT RIDLEY MINES LIMITED","Materials"
"MRC","MINERAL COMMODITIES LTD","Materials"
"MRG","MURRAY RIVER ORGANICS GROUP LIMITED","Food, Beverage & Tobacco"
"MRL","MAYUR RESOURCES LIMITED","Materials"
"IJH","ISHARES S&P MID-CAP ETF","Not Applic"
"MRN","MACQUARIE MEDIA LIMITED","Media"
"MRM","MMA OFFSHORE LIMITED","Transportation"
"MRP","MACPHERSONS RESOURCES LIMITED","Materials"
"VCX","VICINITY CENTRES","Real Estate"
"EBG","EUMUNDI GROUP LIMITED","Consumer Services"
"MRR","MINREX RESOURCES LIMITED","Materials"
"MRQ","MRG METALS LIMITED","Materials"
"IJP","ISHARES MSCI JAPAN ETF","Not Applic"
"IJR","ISHARES S&P SMALL-CAP ETF","Not Applic"
"MRV","MORETON RESOURCES LTD","Energy"
"EBO","EBOS GROUP LIMITED","Health Care Equipment & Services"
"ZLD","ZELDA THERAPEUTICS LIMITED","Pharmaceuticals, Biotechnology & Life Sciences"
"MSB","MESOBLAST LIMITED","Pharmaceuticals, Biotechnology & Life Sciences"
"MSG","MCS SERVICES LIMITED","Commercial & Professional Services"
"IKE","IKEGPS GROUP LIMITED","Technology Hardware & Equipment"
"MSI","MULTISTACK INTERNATIONAL LIMITED","Capital Goods"
"MSM","MSM CORPORATION INTERNATIONAL LTD","Software & Services"
"ECG","ECARGO HOLDINGS LIMITED","Commercial & Professional Services"
"MSP","MAXSEC GROUP LIMITED","Technology Hardware & Equipment"
"IKO","ISHARES MSCI SOUTH KOREA CAPPED ETF","Not Applic"
"MSR","MANAS RESOURCES LIMITED","Materials"
"MSV","MITCHELL SERVICES LIMITED","Capital Goods"
"IKW","IKWEZI MINING LIMITED","Energy"
"VEC","VECTOR RESOURCES LIMITED","Materials"
"VEE","VEEM LTD","Capital Goods"
"ZMI","ZINC OF IRELAND NL","Materials"
"MTB","MOUNT BURGESS MINING NL","Materials"
"ECX","ECLIPX GROUP LIMITED","Diversified Financials"
"MTC","METALSTECH LIMITED","Materials"
"MTH","MITHRIL RESOURCES LIMITED","Materials"
"MTL","MANALTO LIMITED","Software & Services"
"EDC","EILDON CAPITAL LIMITED","Diversified Financials"
"EDE","EDEN INNOVATIONS LTD","Energy"
"MTM","MARETERRAM LIMITED","Capital Goods"
"MTO","MOTORCYCLE HOLDINGS LIMITED","Retailing"
"MTS","METCASH LIMITED","Food & Staples Retailing"
"ZNC","ZENITH MINERALS LIMITED","Materials"
"ILU","ILUKA RESOURCES LIMITED","Materials"
"MUA","MITULA GROUP LIMITED","Software & Services"
"ZNO","ZOONO GROUP LIMITED","Materials"
"IMA","IMAGE RESOURCES NL","Materials"
"IMC","IMMURON LIMITED","Pharmaceuticals, Biotechnology & Life Sciences"
"IMD","IMDEX LIMITED","Materials"
"VG1","VGI PARTNERS GLOBAL INVESTMENTS LIMITED","Not Applic"
"ZNT","ZENITAS HEALTHCARE LIMITED","Health Care Equipment & Services"
"IMF","IMF BENTHAM LIMITED","Diversified Financials"
"EEG","EMPIRE ENERGY GROUP LIMITED","Energy"
"MUS","MUSTANG RESOURCES LIMITED","Materials"
"IMU","IMUGENE LIMITED","Pharmaceuticals, Biotechnology & Life Sciences"
"EER","EAST ENERGY RESOURCES LIMITED","Energy"
"MVF","MONASH IVF GROUP LIMITED","Pharmaceuticals, Biotechnology & Life Sciences"
"INA","INGENIA COMMUNITIES GROUP","Real Estate"
"IND","INDUS ENERGY NL","Energy"
"INF","INDIA FUND LIMITED.","Class Pend"
"ING","INGHAMS GROUP LIMITED","Food, Beverage & Tobacco"
"EFE","EASTERN IRON LIMITED","Materials"
"MVP","MEDICAL DEVELOPMENTS INTERNATIONAL LIMITED","Pharmaceuticals, Biotechnology & Life Sciences"
"INK","INDAGO ENERGY LIMITED","Energy"
"INM","IRON MOUNTAIN INCORPORATED","Real Estate"
"MVT","MERCANTILE INVESTMENT COMPANY LTD","Diversified Financials"
"INV","INVESTSMART GROUP LIMITED","Diversified Financials"
"EGA","EGAN STREET RESOURCES LIMITED","Materials"
"IOD","IODM LIMITED","Materials"
"IOF","INVESTA OFFICE FUND","Real Estate"
"EGD","EVANS & PARTNERS GLOBAL DISRUPTION FUND","Not Applic"
"VHT","VOLPARA HEALTH TECHNOLOGIES LIMITED","Health Care Equipment & Services"
"EGG","ENERO GROUP LIMITED","Media"
"EGI","ELLERSTON GLOBAL INVESTMENTS LIMITED","Not Applic"
"EGH","EUREKA GROUP HOLDINGS LIMITED","Real Estate"
"MX1","MICRO-X LIMITED","Health Care Equipment & Services"
"IOO","ISHARES GLOBAL 100 ETF","Not Applic"
"MWR","MGM WIRELESS LIMITED","Software & Services"
"EGL","ENVIRONMENTAL GROUP LIMITED (THE)","Capital Goods"
"IP1","INTEGRATED PAYMENT TECHNOLOGIES LIMITED","Software & Services"
"EGO","EMPIRE OIL & GAS NL","Energy"
"EGN","ENGENCO LIMITED","Capital Goods"
"MWY","MIDWAY LIMITED","Materials"
"IOT","IOT GROUP LIMITED","Consumer Durables & Apparel"
"VIA","VIAGOLD CAPITAL LIMITED","Consumer Services"
"EGS","EASTERN GOLDFIELDS LIMITED","Materials"
"VIC","VICTORY MINES LIMITED","Materials"
"RAC","RACE ONCOLOGY LTD","Pharmaceuticals, Biotechnology & Life Sciences"
"VIG","VICTOR GROUP HOLDINGS LIMITED","Media"
"EGY","ENERGY TECHNOLOGIES LIMITED","Capital Goods"
"RAF","RAFFLES CAPITAL LIMITED","Diversified Financials"
"VII","VIETNAM INDUSTRIAL INVESTMENTS LIMITED","Materials"
"MXC","MGC PHARMACEUTICALS LTD","Pharmaceuticals, Biotechnology & Life Sciences"
"IPB","IPB PETROLEUM LIMITED","Energy"
"IPD","IMPEDIMED LIMITED","Health Care Equipment & Services"
"VIP","VOLTAGE IP LIMITED","Software & Services"
"IPC","IMPERIAL PACIFIC LIMITED","Diversified Financials"
"RAN","RANGE INTERNATIONAL LIMITED","Materials"
"IPE","IPE LIMITED","Diversified Financials"
"MXI","MAXITRANS INDUSTRIES LIMITED","Capital Goods"
"IPH","IPH LIMITED","Commercial & Professional Services"
"RAP","RESAPP HEALTH LIMITED","Health Care Equipment & Services"
"VIV","VIVID TECHNOLOGY LIMITED","Capital Goods"
"EHE","ESTIA HEALTH LIMITED","Health Care Equipment & Services"
"EHH","EAGLE HEALTH HOLDINGS LIMITED","Household & Personal Products"
"IPL","INCITEC PIVOT LIMITED","Materials"
"MXR","MAXIMUS RESOURCES LIMITED","Materials"
"EHL","EMECO HOLDINGS LIMITED","Capital Goods"
"MXT","MCP MASTER INCOME TRUST","Not Applic"
"RAW","RAWSON OIL AND GAS LTD","Energy"
"IQ3","IQ3CORP LIMITED","Diversified Financials"
"IPT","IMPACT MINERALS LIMITED","Materials"
"EHX","EHR RESOURCES LIMITED","Materials"
"RBD","RESTAURANT BRANDS NEW ZEALAND LIMITED","Consumer Services"
"MYE","MASTERMYNE GROUP LIMITED","Materials"
"RBL","REDBUBBLE LIMITED","Software & Services"
"RBO","ROBO 3D LIMITED","Capital Goods"
"MYL","MYANMAR METALS LIMITED","Materials"
"MYO","MYOB GROUP LIMITED","Software & Services"
"AAC","AUSTRALIAN AGRICULTURAL COMPANY LIMITED.","Food, Beverage & Tobacco"
"RBR","RBR GROUP LIMITED","Materials"
"AAD","ARDENT LEISURE GROUP","Consumer Services"
"MYQ","MYFIZIQ LIMITED","Software & Services"
"MYS","MYSTATE LIMITED","Banks"
"MYR","MYER HOLDINGS LIMITED","Retailing"
"RBX","RESOURCE BASE LIMITED","Materials"
"AAJ","ARUMA RESOURCES LIMITED","Materials"
"MYX","MAYNE PHARMA GROUP LIMITED","Pharmaceuticals, Biotechnology & Life Sciences"
"VKA","VIKING MINES LIMITED","Materials"
"AAP","AUSTRALIAN AGRICULTURAL PROJECTS LIMITED","Food, Beverage & Tobacco"
"AB1","ANIMOCA BRANDS CORPORATION LIMITED","Software & Services"
"AAR","ANGLO AUSTRALIAN RESOURCES NL","Materials"
"AAU","ADCORP AUSTRALIA LIMITED","Media"
"RCE","RECCE LIMITED","Pharmaceuticals, Biotechnology & Life Sciences"
"IRD","IRON ROAD LIMITED","Materials"
"IRC","INTERMIN RESOURCES LIMITED","Materials"
"IRE","IRESS LIMITED","Software & Services"
"MZI","MZI RESOURCES LTD","Materials"
"RD1","REGISTRY DIRECT LIMITED","Class Pend"
"RCO","ROYALCO RESOURCES LIMITED","Materials"
"ABA","AUSWIDE BANK LTD","Banks"
"MZN","MARINDI METALS LIMITED","Materials"
"RCR","RCR TOMLINSON LIMITED","Capital Goods"
"IRI","INTEGRATED RESEARCH LIMITED","Software & Services"
"ABC","ADELAIDE BRIGHTON LIMITED","Materials"
"IRL","INDIA RESOURCES LIMITED","Materials"
"RCT","REEF CASINO TRUST","Consumer Services"
"ZTA","ZETA PETROLEUM PLC","Energy"
"RCW","RIGHTCROWD LIMITED","Software & Services"
"IS3","I SYNERGY GROUP LIMITED","Media"
"ABL","ABILENE OIL AND GAS LIMITED","Energy"
"MZZ","MATADOR MINING LIMITED","Materials"
"IRU","ISHARES RUSSELL 2000 ETF","Not Applic"
"ABP","ABACUS PROPERTY GROUP","Real Estate"
"ABR","AMERICAN PACIFIC BORATE & LITHIUM LIMITED","Materials"
"ABT","ABUNDANT PRODUCE LIMITED","Food, Beverage & Tobacco"
"RDG","RESOURCE DEVELOPMENT GROUP LIMITED","Materials"
"ABV","ADVANCED BRAKING TECHNOLOGY LTD","Automobiles & Components"
"RDF","REDFLEX HOLDINGS LIMITED","Technology Hardware & Equipment"
"ABW","AURORA ABSOLUTE RETURN FUND","Not Applic"
"AC8","AUSCANN GROUP HOLDINGS LTD","Pharmaceuticals, Biotechnology & Life Sciences"
"ABX","AUSTRALIAN BAUXITE LIMITED.","Materials"
"RDH","REDHILL EDUCATION LIMITED","Consumer Services"
"RDM","RED METAL LIMITED","Materials"
"ISD","ISENTIA GROUP LIMITED","Software & Services"
"ISG","ISHARES MSCI SINGAPORE CAPPED ETF","Not Applic"
"VLS","VITA LIFE SCIENCES LIMITED..","Pharmaceuticals, Biotechnology & Life Sciences"
"VLT","VAULT INTELLIGENCE LIMITED","Materials"
"ACB","A-CAP RESOURCES LIMITED","Energy"
"RDS","REDSTONE RESOURCES LIMITED","Materials"
"VLW","VILLA WORLD LIMITED.","Real Estate"
"ACL","ALCHEMIA LIMITED","Pharmaceuticals, Biotechnology & Life Sciences"
"ISU","ISELECT LIMITED.","Consumer Services"
"ACO","AUSTRALIAN CAREERS NETWORK LIMITED","Consumer Services"
"VMC","VENUS METALS CORPORATION LIMITED","Materials"
"ACP","AUDALIA RESOURCES LIMITED","Materials"
"AD1","APPLYDIRECT LIMITED","Software & Services"
"ACQ","ACORN CAPITAL INVESTMENT FUND LIMITED","Not Applic"
"ISX","ISIGNTHIS LTD","Software & Services"
"REA","REA GROUP LTD","Media"
"ACR","ACRUX LIMITED","Pharmaceuticals, Biotechnology & Life Sciences"
"RED","RED 5 LIMITED","Materials"
"ACS","ACCENT RESOURCES NL","Materials"
"VMG","VDM GROUP LIMITED","Capital Goods"
"REF","REVERSE CORP LIMITED","Telecommunication Services"
"REH","REECE LIMITED","Capital Goods"
"VML","VITAL METALS LIMITED","Materials"
"ACW","ACTINOGEN MEDICAL LIMITED","Pharmaceuticals, Biotechnology & Life Sciences"
"AD8","AUDINATE GROUP LIMITED","Technology Hardware & Equipment"
"REG","REGIS HEALTHCARE LIMITED","Health Care Equipment & Services"
"ITD","ITL LIMITED","Health Care Equipment & Services"
"ELD","ELDERS LIMITED","Food, Beverage & Tobacco"
"VMT","VMOTO LIMITED","Automobiles & Components"
"VMS","VENTURE MINERALS LIMITED","Materials"
"ADA","ADACEL TECHNOLOGIES LIMITED","Software & Services"
"VMX","VALMEC LIMITED","Energy"
"RES","RESOURCE GENERATION LIMITED","Energy"
"REV","REAL ESTATE INVESTAR GROUP LIMITED","Software & Services"
"VMY","VIMY RESOURCES LIMITED","Energy"
"REX","REGIONAL EXPRESS HOLDINGS LIMITED","Transportation"
"ADH","ADAIRS LIMITED","Retailing"
"ELK","ELK PETROLEUM LIMITED","Energy"
"REZ","RESOURCES & ENERGY GROUP LIMITED","Materials"
"ADJ","ADSLOT LTD","Software & Services"
"REY","REY RESOURCES LIMITED","Energy"
"ELO","ELMO SOFTWARE LIMITED","Software & Services"
"ADN","ANDROMEDA METALS LIMITED","Materials"
"ADO","ANTEO DIAGNOSTICS LIMITED","Pharmaceuticals, Biotechnology & Life Sciences"
"ELT","ELEMENTOS LIMITED","Materials"
"ELS","ELSIGHT LIMITED","Technology Hardware & Equipment"
"ITW","ISHARES MSCI TAIWAN CAPPED ETF","Not Applic"
"ADR","ADHERIUM LIMITED","Health Care Equipment & Services"
"ELX","ELLEX MEDICAL LASERS LIMITED","Health Care Equipment & Services"
"RFG","RETAIL FOOD GROUP LIMITED","Consumer Services"
"ADV","ARDIDEN LTD","Materials"
"RFF","RURAL FUNDS GROUP","Real Estate"
"ADX","ADX ENERGY LTD","Energy"
"ADY","ADMIRALTY RESOURCES NL.","Materials"
"EMB","EMBELTON LIMITED","Capital Goods"
"RFN","REFFIND LIMITED","Software & Services"
"EME","ENERGY METALS LTD","Energy"
"AEB","ALGAE.TEC LIMITED","Energy"
"EMG","EMERGENT RESOURCES LIMITED","Materials"
"AEE","AURA ENERGY LIMITED","Energy"
"EMH","EUROPEAN METALS HOLDINGS LIMITED","Materials"
"RFT","RECTIFIER TECHNOLOGIES LTD","Capital Goods"
"AEF","AUSTRALIAN ETHICAL INVESTMENT LIMITED","Diversified Financials"
"AEG","ABSOLUTE EQUITY PERFORMANCE FUND LIMITED","Not Applic"
"AEI","AERIS ENVIRONMENTAL LTD","Commercial & Professional Services"
"EML","EML PAYMENTS LIMITED","Diversified Financials"
"RFX","REDFLOW LIMITED","Capital Goods"
"EN1","ENGAGE:BDR LIMITED","Class Pend"
"EMR","EMERALD RESOURCES NL","Materials"
"VOC","VOCUS GROUP LIMITED","Telecommunication Services"
"EMU","EMU NL","Materials"
"AER","AEERIS LTD","Software & Services"
"AEV","AVENIRA LIMITED","Materials"
"RGI","ROTO-GRO INTERNATIONAL LIMITED","Capital Goods"
"RGL","RIVERSGOLD LIMITED","Materials"
"IVC","INVOCARE LIMITED","Consumer Services"
"ENB","ENEABBA GAS LIMITED","Utilities"
"ENA","ENSURANCE LTD","Insurance"
"IVE","ISHARES MSCI EAFE ETF","Not Applic"
"RGP","REFRESH GROUP LIMITED","Food, Beverage & Tobacco"
"AFA","ASF GROUP LIMITED","Diversified Financials"
"VP7","VELOCITY PROPERTY GROUP LIMITED","Real Estate"
"RGS","REGENEUS LTD","Pharmaceuticals, Biotechnology & Life Sciences"
"AFG","AUSTRALIAN FINANCE GROUP LTD","Banks"
"IVO","INVIGOR GROUP LIMITED","Media"
"AFI","AUSTRALIAN FOUNDATION INVESTMENT COMPANY LIMITED","Not Applic"
"ENN","ELANOR INVESTORS GROUP","Consumer Services"
"IVR","INVESTIGATOR RESOURCES LTD","Materials"
"IVQ","INVITROCUE LIMITED","Pharmaceuticals, Biotechnology & Life Sciences"
"IVT","INVENTIS LIMITED","Commercial & Professional Services"
"ENR","ENCOUNTER RESOURCES LIMITED","Materials"
"IVV","ISHARES S&P 500 ETF","Not Applic"
"VPC","VELPIC LIMITED","Software & Services"
"ENT","ENTERPRISE METALS LIMITED","Materials"
"IVX","INVION LIMITED","Pharmaceuticals, Biotechnology & Life Sciences"
"AFP","AFT PHARMACEUTICALS LIMITED","Pharmaceuticals, Biotechnology & Life Sciences"
"RHC","RAMSAY HEALTH CARE LIMITED","Health Care Equipment & Services"
"AFR","AFRICAN ENERGY RESOURCES LIMITED","Energy"
"ENX","ENEGEX LIMITED","Energy"
"AFT","AFT CORPORATION LIMITED","Capital Goods"
"RHI","RED HILL IRON LIMITED","Materials"
"RHL","RURALCO HOLDINGS LIMITED","Retailing"
"VPR","VOLT POWER GROUP LIMITED","Utilities"
"RHP","RHIPE LIMITED","Software & Services"
"AGD","AUSTRAL GOLD LIMITED","Materials"
"AGE","ALLIGATOR ENERGY LIMITED","Energy"
"RHT","RESONANCE HEALTH LIMITED","Health Care Equipment & Services"
"AGG","ANGLOGOLD ASHANTI LIMITED","Materials"
"RHY","RHYTHM BIOSCIENCES LIMITED","Class Pend"
"ZYB","ZYBER HOLDINGS LTD","Software & Services"
"AGI","AINSWORTH GAME TECHNOLOGY LIMITED","Consumer Services"
"EOL","ENERGY ONE LIMITED","Software & Services"
"AGJ","AGRICULTURAL LAND TRUST","Real Estate"
"AGL","AGL ENERGY LIMITED.","Utilities"
"EOS","ELECTRO OPTIC SYSTEMS HOLDINGS LIMITED","Capital Goods"
"AGO","ATLAS IRON LIMITED","Materials"
"EOR","ENHANCED OIL & GAS RECOVERY LIMITED","Energy"
"AGR","AGUIA RESOURCES LIMITED","Materials"
"AGS","ALLIANCE RESOURCES LIMITED","Materials"
"RIC","RIDLEY CORPORATION LIMITED","Food, Beverage & Tobacco"
"NAB","NATIONAL AUSTRALIA BANK LIMITED","Banks"
"RIE","RIEDEL RESOURCES LIMITED","Materials"
"NAC","NAOS ABSOLUTE OPPORTUNITIES COMPANY LIMITED","Not Applic"
"NAE","NEW AGE EXPLORATION LIMITED","Energy"
"AGY","ARGOSY MINERALS LIMITED","Materials"
"NAG","NAGAMBIE RESOURCES LIMITED","Materials"
"EPA","EPHRAIM RESOURCES LIMITED","Not Applic"
"RIM","RIMFIRE PACIFIC MINING NL","Materials"
"EPD","EMPIRED LTD","Software & Services"
"RIO","RIO TINTO LIMITED","Materials"
"NAN","NANOSONICS LIMITED","Health Care Equipment & Services"
"NAM","NAMOI COTTON LIMITED","Commercial & Professional Services"
"AHF","AUSTRALIAN DAIRY FARMS GROUP","Food, Beverage & Tobacco"
"AHG","AUTOMOTIVE HOLDINGS GROUP LIMITED.","Retailing"
"NAV","NAVIGATOR RESOURCES LIMITED","Materials"
"EPM","ECLIPSE METALS LIMITED.","Energy"
"AHK","ARK MINES LIMITED","Materials"
"AHL","AHALIFE HOLDINGS LIMITED","Software & Services"
"VRC","VOLT RESOURCES LIMITED","Materials"
"AHN","ATHENA RESOURCES LIMITED","Materials"
"IXU","IXUP LIMITED","Not Applic"
"AHQ","ALLEGIANCE COAL LIMITED","Energy"
"AHR","ANCHOR RESOURCES LIMITED","Materials"
"VRI","VERILUMA LIMITED","Software & Services"
"EPW","ERM POWER LIMITED","Utilities"
"VRM","VERDANT MINERALS LTD","Materials"
"AHX","APIAM ANIMAL HEALTH LIMITED","Health Care Equipment & Services"
"VRL","VILLAGE ROADSHOW LIMITED","Media"
"AHY","ASALEO CARE LIMITED","Household & Personal Products"
"AHZ","ADMEDUS LTD","Health Care Equipment & Services"
"VRS","VERIS LIMITED","Commercial & Professional Services"
"EQE","EQUUS MINING LIMITED","Materials"
"AIA","AUCKLAND INTERNATIONAL AIRPORT LIMITED","Transportation"
"NBL","NONI B LIMITED","Retailing"
"VRT","VIRTUS HEALTH LIMITED","Health Care Equipment & Services"
"AIB","AURORA GLOBAL INCOME TRUST","Diversified Financials"
"VRX","VENTNOR RESOURCES LTD","Materials"
"NC6","NANOLLOSE LIMITED","Pharmaceuticals, Biotechnology & Life Sciences"
"AIQ","ALTERNATIVE INVESTMENT TRUST","Not Applic"
"EQT","EQT HOLDINGS LIMITED","Diversified Financials"
"AIR","ASTIVITA LIMITED","Capital Goods"
"AIS","AERIS RESOURCES LIMITED","Materials"
"EQX","EQUATORIAL RESOURCES LIMITED","Materials"
"AIV","ACTIVEX LIMITED","Materials"
"NCC","NAOS EMERGING OPPORTUNITIES COMPANY LIMITED","Not Applic"
"AIY","AUTHORISED INVESTMENT FUND LIMITED","Not Applic"
"AIZ","AIR NEW ZEALAND LIMITED","Transportation"
"RKN","RECKON LIMITED","Software & Services"
"ERA","ENERGY RESOURCES OF AUSTRALIA LIMITED","Energy"
"NCL","NETCCENTRIC LIMITED","Media"
"NCK","NICK SCALI LIMITED","Retailing"
"ERF","ELANOR RETAIL PROPERTY FUND","Real Estate"
"NCM","NEWCREST MINING LIMITED","Materials"
"AJC","ACACIA COAL LIMITED","Energy"
"AJD","ASIA PACIFIC DATA CENTRE GROUP","Real Estate"
"NCR","NUCOAL RESOURCES LIMITED","Materials"
"ERL","EMPIRE RESOURCES LIMITED","Materials"
"AJJ","ASIAN AMERICAN MEDICAL GROUP LIMITED","Health Care Equipment & Services"
"ERM","EMMERSON RESOURCES LIMITED","Materials"
"AJL","AJ LUCAS GROUP LIMITED","Capital Goods"
"AJM","ALTURA MINING LIMITED","Materials"
"NCZ","NEW CENTURY RESOURCES LIMITED","Materials"
"IZZ","ISHARES CHINA LARGE-CAP ETF","Not Applic"
"AJQ","ARMOUR ENERGY LIMITED","Energy"
"RLC","REEDY LAGOON CORPORATION LIMITED","Materials"
"VTG","VITA GROUP LIMITED","Retailing"
"RLE","REAL ENERGY CORPORATION LIMITED","Energy"
"VTI","VISIONEERING TECHNOLOGIES, INC.","Health Care Equipment & Services"
"AJX","ALEXIUM INTERNATIONAL GROUP LIMITED","Materials"
"AJY","ASAPLUS RESOURCES LIMITED","Materials"
"ESE","ESENSE-LAB LTD","Pharmaceuticals, Biotechnology & Life Sciences"
"ESH","ESPORTS MOGUL ASIA PACIFIC LIMITED","Software & Services"
"AKF","ASK FUNDING LIMITED","Diversified Financials"
"ESK","ETHERSTACK PLC","Software & Services"
"AKG","ACADEMIES AUSTRALASIA GROUP LIMITED","Consumer Services"
"ESM","ESPERANCE MINERALS LIMITED","Materials"
"AKM","ASPIRE MINING LIMITED","Materials"
"AKN","AUKING MINING LIMITED","Materials"
"ESR","ESTRELLA RESOURCES LIMITED","Materials"
"AKP","AUDIO PIXELS HOLDINGS LIMITED","Consumer Durables & Apparel"
"RMD","RESMED INC","Health Care Equipment & Services"
"ESV","ESERVGLOBAL LIMITED","Software & Services"
"NEA","NEARMAP LTD","Software & Services"
"AL8","ALDERAN RESOURCES LIMITED","Materials"
"NEC","NINE ENTERTAINMENT CO. HOLDINGS LIMITED","Media"
"RMG","RMG LIMITED","Materials"
"RMI","RESOURCE MINING CORPORATION LIMITED","Materials"
"RMP","RED EMPEROR RESOURCES NL","Energy"
"ETE","ENTEK ENERGY LTD","Energy"
"ALC","ALCIDION GROUP LIMITED","Health Care Equipment & Services"
"RMT","RMA ENERGY LIMITED","Materials"
"RMS","RAMELIUS RESOURCES LIMITED","Materials"
"ALF","AUSTRALIAN LEADERS FUND LIMITED","Diversified Financials"
"NET","NETLINKZ LIMITED","Software & Services"
"RMX","RED MOUNTAIN MINING LIMITED","Materials"
"NES","NELSON RESOURCES LIMITED.","Class Pend"
"ALI","ARGO GLOBAL LISTED INFRASTRUCTURE LIMITED","Diversified Financials"
"ALK","ALKANE RESOURCES LIMITED","Materials"
"ALQ","ALS LIMITED","Commercial & Professional Services"
"RNE","RENU ENERGY LIMITED","Utilities"
"ALT","ANALYTICA LIMITED","Health Care Equipment & Services"
"RND","RAND MINING LIMITED","Materials"
"ALU","ALTIUM LIMITED","Software & Services"
"ALY","ALCHEMY RESOURCES LIMITED","Materials"
"RNL","RISION LIMITED","Software & Services"
"EUC","EUROPEAN COBALT LTD","Materials"
"RNO","RHINOMED LIMITED","Pharmaceuticals, Biotechnology & Life Sciences"
"VVR","VIVA ENERGY REIT","Real Estate"
"AMA","AMA GROUP LIMITED","Retailing"
"AMB","AMBITION GROUP LIMITED","Commercial & Professional Services"
"AMC","AMCOR LIMITED","Materials"
"RNU","RENASCOR RESOURCES LIMITED","Energy"
"AME","ALTO METALS LIMITED","Energy"
"RNT","RENT.COM.AU LIMITED","Software & Services"
"AMG","AUSMEX MINING GROUP LIMITED","Materials"
"AMH","AMCIL LIMITED","Diversified Financials"
"RNY","RNY PROPERTY TRUST","Real Estate"
"AMI","AURELIA METALS LIMITED","Materials"
"AML","AEON METALS LIMITED.","Materials"
"AMN","AGRIMIN LIMITED","Materials"
"AMO","AMBERTECH LIMITED","Technology Hardware & Equipment"
"EUR","EUROPEAN LITHIUM LIMITED","Materials"
"AMP","AMP LIMITED","Insurance"
"AMT","ALLEGRA ORTHOPAEDICS LIMITED","Health Care Equipment & Services"
"ROG","RED SKY ENERGY LIMITED.","Energy"
"NGE","NGE CAPITAL LIMITED","Not Applic"
"ROO","ROOTS SUSTAINABLE AGRICULTURAL TECHNOLOGIES LTD","Class Pend"
"EVE","EVE INVESTMENTS LIMITED","Diversified Financials"
"ANG","AUSTIN ENGINEERING LIMITED","Capital Goods"
"EVN","EVOLUTION MINING LIMITED","Materials"
"EVM","ENVIROMISSION LIMITED","Utilities"
"ANL","AMANI GOLD LIMITED","Materials"
"EVO","EVOLVE EDUCATION GROUP LIMITED","Consumer Services"
"ANN","ANSELL LIMITED","Health Care Equipment & Services"
"NGY","NUENERGY GAS LIMITED","Energy"
"ANO","ADVANCE NANOTEK LIMITED","Materials"
"EVT","EVENT HOSPITALITY AND ENTERTAINMENT LTD","Media"
"EVS","ENVIROSUITE LIMITED","Software & Services"
"ANP","ANTISENSE THERAPEUTICS LIMITED","Pharmaceuticals, Biotechnology & Life Sciences"
"AO1","ASSETOWL LIMITED","Software & Services"
"ANQ","ANAECO LIMITED","Commercial & Professional Services"
"ANR","ANATARA LIFESCIENCES LTD","Pharmaceuticals, Biotechnology & Life Sciences"
"ANS","AUSTSINO RESOURCES GROUP LIMITED","Materials"
"EVZ","EVZ LIMITED","Capital Goods"
"NHC","NEW HOPE CORPORATION LIMITED","Energy"
"RPG","RAPTIS GROUP LIMITED","Real Estate"
"ANW","AUS TIN MINING LTD","Materials"
"NHF","NIB HOLDINGS LIMITED","Insurance"
"ANZ","AUSTRALIA AND NEW ZEALAND BANKING GROUP LIMITED","Banks"
"EWC","ENERGY WORLD CORPORATION LTD","Utilities"
"VXR","VENTUREX RESOURCES LIMITED","Materials"
"AOA","AUSMON RESOURCES LIMITED","Materials"
"NHL","NOVITA HEALTHCARE LIMITED","Health Care Equipment & Services"
"AOD","AURORA DIVIDEND INCOME TRUST (MANAGED FUND)","Not Applic"
"AOF","AUSTRALIAN UNITY OFFICE FUND","Real Estate"
"AOG","AVEO GROUP","Real Estate"
"AOK","AUSTEX OIL LIMITED","Energy"
"AON","APOLLO MINERALS LIMITED","Materials"
"AOP","APOLLO CONSOLIDATED LIMITED","Materials"
"AOU","AUROCH MINERALS LTD","Materials"
"AOW","AMERICAN PATRIOT OIL & GAS LIMITED","Energy"
"APA","APA GROUP","Utilities"
"S2R","S2 RESOURCES LTD","Materials"
"S32","SOUTH32 LIMITED","Materials"
"APC","AUSTRALIAN POTASH LIMITED","Materials"
"JAL","JAMESON RESOURCES LIMITED","Materials"
"APD","APN PROPERTY GROUP LIMITED","Diversified Financials"
"EXG","EXCELSIOR GOLD LIMITED","Materials"
"NIO","NICKELORE LIMITED","Materials"
"APE","AP EAGERS LIMITED","Retailing"
"APG","AUSTPAC RESOURCES NL","Materials"
"API","AUSTRALIAN PHARMACEUTICAL INDUSTRIES LIMITED","Health Care Equipment & Services"
"NIU","NIUMINCO GROUP LIMITED","Materials"
"EXP","EXPERIENCE CO LIMITED","Consumer Services"
"JAT","JATENERGY LIMITED","Retailing"
"EXO","ENNOX GROUP LTD","Diversified Financials"
"APL","ANTIPODES GLOBAL INVESTMENT COMPANY LTD","Not Applic"
"EXR","ELIXIR PETROLEUM LIMITED","Energy"
"APO","APN OUTDOOR GROUP LIMITED","Media"
"EXU","EXPLAURUM LIMITED","Materials"
"APT","AFTERPAY TOUCH GROUP LIMITED","Software & Services"
"APW","AIMS PROPERTY SECURITIES FUND","Real Estate"
"APX","APPEN LIMITED","Software & Services"
"APZ","ASPEN GROUP","Real Estate"
"RRL","REGIS RESOURCES LIMITED","Materials"
"JBH","JB HI-FI LIMITED","Retailing"
"RRP","REALM RESOURCES LIMITED","Materials"
"RRS","RANGE RESOURCES LIMITED","Energy"
"AQC","AUSTRALIAN PACIFIC COAL LIMITED","Materials"
"AQD","AUSQUEST LIMITED","Materials"
"AQG","ALACER GOLD CORP.","Materials"
"AQI","ALICANTO MINERALS LIMITED","Materials"
"AQJ","AUS ASIA MINERALS LIMITED","Energy"
"AQS","AQUIS ENTERTAINMENT LIMITED","Consumer Services"
"RSH","RESPIRI LIMITED","Health Care Equipment & Services"
"RSG","RESOLUTE MINING LIMITED","Materials"
"AQX","ALICE QUEEN LIMITED","Energy"
"AQZ","ALLIANCE AVIATION SERVICES LIMITED","Transportation"
"ARA","ARIADNE AUSTRALIA LIMITED","Commercial & Professional Services"
"ARB","ARB CORPORATION LIMITED.","Automobiles & Components"
"JCI","JC INTERNATIONAL GROUP LIMITED","Capital Goods"
"ARC","AUSTRALIAN RURAL CAPITAL LIMITED","Diversified Financials"
"NKP","NKWE PLATINUM LIMITED","Materials"
"ARD","ARGENT MINERALS LIMITED","Materials"
"ARE","ARGONAUT RESOURCES NL","Materials"
"ARF","ARENA REIT.","Real Estate"
"EZL","EUROZ LIMITED","Diversified Financials"
"ARG","ARGO INVESTMENTS LIMITED","Not Applic"
"ARH","AUSTRALASIAN RESOURCES LIMITED","Materials"
"ARI","A.C.N. 004 410 833 LIMITED","Materials"
"ARL","ARDEA RESOURCES LIMITED","Materials"
"JCS","JCURVE SOLUTIONS LTD","Software & Services"
"ARM","AURORA MINERALS LIMITED","Materials"
"ARO","ASTRO RESOURCES NL","Materials"
"ARS","ALT RESOURCES LIMITED","Materials"
"RTE","RETECH TECHNOLOGY CO., LIMITED","Consumer Services"
"ARU","ARAFURA RESOURCES LIMITED","Materials"
"RTG","RTG MINING INC.","Materials"
"ARV","ARTEMIS RESOURCES LIMITED","Materials"
"ARX","ARC EXPLORATION LIMITED","Materials"
"NLI","NOVO LITIO LTD","Materials"
"ASB","AUSTAL LIMITED","Capital Goods"
"RTR","RUMBLE RESOURCES LIMITED","Materials"
"ASG","AUTOSPORTS GROUP LIMITED.","Retailing"
"ASH","ASHLEY SERVICES GROUP LIMITED","Commercial & Professional Services"
"ASL","AUSDRILL LIMITED","Materials"
"ASN","ANSON RESOURCES LIMITED","Materials"
"ASP","ASPERMONT LIMITED.","Media"
"RUB","RUBICOR GROUP LIMITED","Commercial & Professional Services"
"AST","AUSNET SERVICES LIMITED","Utilities"
"ASW","ADVANCED SHARE REGISTRY LIMITED","Diversified Financials"
"ASX","ASX LIMITED","Diversified Financials"
"ASY","ASSEMBLEBAY LIMITED","Software & Services"
"NME","NEX METALS EXPLORATION LIMITED","Materials"
"RUL","RPMGLOBAL HOLDINGS LIMITED","Software & Services"
"NMI","NORTHERN MINING LIMITED","Materials"
"NML","NAVARRE MINERALS LIMITED","Materials"
"ATA","ATC ALLOYS LTD","Materials"
"NMM","NOBLE METALS LIMITED","Materials"
"ATC","ALTECH CHEMICALS LTD","Materials"
"NMT","NEOMETALS LTD","Materials"
"NMS","NEPTUNE MARINE SERVICES LIMITED","Energy"
"ATL","APOLLO TOURISM & LEISURE LTD","Automobiles & Components"
"ATM","ANEKA TAMBANG (PERSERO) TBK (PT)","Materials"
"RVA","REVA MEDICAL, INC","Health Care Equipment & Services"
"ATP","ATLAS PEARLS AND PERFUMES LTD","Consumer Durables & Apparel"
"AU1","AUSNET FINANCIAL SERVICES LIMITED","Real Estate"
"ATR","ASTRON CORPORATION LIMITED","Materials"
"ATS","AUSTRALIS OIL & GAS LIMITED","Energy"
"ATT","ANTE REAL ESTATE TRUST","Real Estate"
"ATU","ATRUM COAL LIMITED","Materials"
"AU8","AUMAKE INTERNATIONAL LIMITED","Energy"
"AUB","AUB GROUP LIMITED","Insurance"
"AUC","AUSGOLD LIMITED","Materials"
"RVR","RED RIVER RESOURCES LIMITED","Materials"
"AUH","AUSTCHINA HOLDINGS LIMITED","Energy"
"RVY","RIFT VALLEY RESOURCES LIMITED.","Materials"
"AUI","AUSTRALIAN UNITED INVESTMENT COMPANY LIMITED","Diversified Financials"
"NNW","99 WUXIAN LIMITED","Retailing"
"AUP","AURORA PROPERTY BUY-WRITE INCOME TRUST","Not Applic"
"AUQ","ALARA RESOURCES LIMITED","Materials"
"AUR","AURIS MINERALS LIMITED","Materials"
"RWD","REWARD MINERALS LTD","Materials"
"RWC","RELIANCE WORLDWIDE CORPORATION LIMITED","Capital Goods"
"AUZ","AUSTRALIAN MINES LIMITED","Materials"
"AVD","ANTILLES OIL AND GAS NL","Energy"
"NOR","NORWOOD SYSTEMS LIMITED","Software & Services"
"AVG","AUSTRALIAN VINTAGE LTD","Food, Beverage & Tobacco"
"AVH","AVITA MEDICAL LTD","Pharmaceuticals, Biotechnology & Life Sciences"
"NOV","NOVATTI GROUP LIMITED","Software & Services"
"AVJ","AVJENNINGS LIMITED","Real Estate"
"NOX","NOXOPHARM LIMITED","Pharmaceuticals, Biotechnology & Life Sciences"
"WAA","WAM ACTIVE LIMITED","Diversified Financials"
"AVL","AUSTRALIAN VANADIUM LIMITED","Materials"
"AVN","AVENTUS RETAIL PROPERTY FUND","Real Estate"
"AVQ","AXIOM MINING LIMITED","Materials"
"WAF","WEST AFRICAN RESOURCES LIMITED","Materials"
"AVW","AVIRA ENERGY LIMITED","Materials"
"WAM","WAM CAPITAL LIMITED","Diversified Financials"
"RXH","REWARDLE HOLDINGS LIMITED","Software & Services"
"WAL","WAVENET INTERNATIONAL LIMITED","Materials"
"JHC","JAPARA HEALTHCARE LIMITED","Health Care Equipment & Services"
"AVZ","AVZ MINERALS LIMITED","Materials"
"RXM","REX MINERALS LIMITED","Materials"
"RXL","ROX RESOURCES LIMITED","Materials"
"JHG","JANUS HENDERSON GROUP PLC","Diversified Financials"
"RXP","RXP SERVICES LIMITED","Software & Services"
"WAT","WATERCO LIMITED","Consumer Durables & Apparel"
"AWC","ALUMINA LIMITED","Materials"
"JHL","JAYEX HEALTHCARE LIMITED","Health Care Equipment & Services"
"WAX","WAM RESEARCH LIMITED","Diversified Financials"
"WBA","WEBSTER LIMITED","Food, Beverage & Tobacco"
"AWN","AROWANA INTERNATIONAL LIMITED","Capital Goods"
"WBC","WESTPAC BANKING CORPORATION","Banks"
"JHX","JAMES HARDIE INDUSTRIES PLC","Materials"
"WBE","WHITEBARK ENERGY LTD","Energy"
"RYD","RYDER CAPITAL LIMITED","Not Applic"
"AWV","ANOVA METALS LIMITED","Materials"
"AWY","AUSTRALIAN WHISKY HOLDINGS LIMITED","Food, Beverage & Tobacco"
"WBT","WEEBIT NANO LTD","Materials"
"AXE","ARCHER EXPLORATION LIMITED","Materials"
"JIN","JUMBO INTERACTIVE LIMITED","Consumer Services"
"JIP","JACK-IN GROUP LIMITED","Capital Goods"
"AXI","AXIOM PROPERTIES LIMITED","Real Estate"
"AXL","AXSESSTODAY LIMITED","Diversified Financials"
"FAR","FAR LIMITED","Energy"
"AXP","AIRXPANDERS, INC.","Health Care Equipment & Services"
"AXT","ARGO EXPLORATION LIMITED","Materials"
"WCN","WHITE CLIFF MINERALS LIMITED","Materials"
"JJF","JIAJIAFU MODERN AGRICULTURE LIMITED","Food, Beverage & Tobacco"
"AYF","AUSTRALIAN ENHANCED INCOME FUND","Not Applic"
"AYG","AXXIS TECHNOLOGY GROUP LTD","Software & Services"
"AYI","A1 INVESTMENTS & RESOURCES LTD","Diversified Financials"
"AYK","AUSTRALIAN MASTERS YIELD FUND NO 4 LIMITED","Not Applic"
"AYM","AUSTRALIA UNITED MINING LIMITED","Materials"
"FBR","FASTBRICK ROBOTICS LTD","Capital Goods"
"FBU","FLETCHER BUILDING LIMITED","Materials"
"WDE","WEALTH DEFENDER EQUITIES LIMITED","Not Applic"
"AYR","ALLOY RESOURCES LIMITED","Materials"
"AYS","AMAYSIM AUSTRALIA LIMITED","Telecommunication Services"
"JKA","JACKA RESOURCES LIMITED","Energy"
"NSE","NEW STANDARD ENERGY LIMITED","Energy"
"AYZ","AUSTRALIAN MASTERS YIELD FUND NO 5 LIMITED","Not Applic"
"JKL","JUSTKAPITAL LIMITED","Diversified Financials"
"FCG","FRONTIER CAPITAL GROUP LIMITED","Commercial & Professional Services"
"NSR","NATIONAL STORAGE REIT","Real Estate"
"NST","NORTHERN STAR RESOURCES LTD","Materials"
"AZJ","AURIZON HOLDINGS LIMITED","Transportation"
"NSX","NSX LIMITED","Diversified Financials"
"AZM","AZUMAH RESOURCES LIMITED","Materials"
"WEC","WHITE ENERGY COMPANY LIMITED","Energy"
"WEB","WEBJET LIMITED","Retailing"
"FCT","FIRSTWAVE CLOUD TECHNOLOGY LIMITED","Software & Services"
"NTC","NETCOMM WIRELESS LIMITED","Technology Hardware & Equipment"
"AZV","AZURE HEALTHCARE LIMITED","Health Care Equipment & Services"
"WEL","WINCHESTER ENERGY LTD","Energy"
"AZY","ANTIPA MINERALS LIMITED","Materials"
"AZZ","ANTARES ENERGY LIMITED","Energy"
"NTI","NEUROTECH INTERNATIONAL LIMITED","Health Care Equipment & Services"
"JLG","JOHNS LYNG GROUP LIMITED","Capital Goods"
"WES","WESFARMERS LIMITED","Food & Staples Retailing"
"NTM","NTM GOLD LIMITED","Materials"
"NTL","NEW TALISMAN GOLD MINES LIMITED","Materials"
"FDM","FREEDOM OIL AND GAS LTD","Energy"
"NTU","NORTHERN MINERALS LIMITED","Materials"
"WFE","WINMAR RESOURCES LIMITED","Materials"
"FE8","FASTER ENTERPRISES LTD","Real Estate"
"FDV","FRONTIER DIGITAL VENTURES LIMITED","Software & Services"
"NUF","NUFARM LIMITED","Materials"
"NUH","NUHEARA LIMITED","Technology Hardware & Equipment"
"FEI","FE INVESTMENTS GROUP LIMITED","Technology Hardware & Equipment"
"FEL","FE LIMITED","Materials"
"NUS","NUSANTARA RESOURCES LIMITED","Materials"
"FET","FOLKESTONE EDUCATION TRUST","Real Estate"
"WGF","WATERMARK GLOBAL LEADERS FUND LIMITED","Not Applic"
"WGL","WANGLE TECHNOLOGIES LIMITED","Software & Services"
"FFC","FARMAFORCE LIMITED","Health Care Equipment & Services"
"NVL","NATIONAL VETERINARY CARE LTD","Health Care Equipment & Services"
"FFG","FATFISH INTERNET GROUP LTD","Diversified Financials"
"NVO","NVOI LTD","Software & Services"
"FFI","FFI HOLDINGS LIMITED","Food, Beverage & Tobacco"
"WGX","WESTGOLD RESOURCES LIMITED.","Materials"
"NVT","NAVITAS LIMITED","Consumer Services"
"NVX","NOVONIX LIMITED","Materials"
"WHA","WATTLE HEALTH AUSTRALIA LIMITED","Food, Beverage & Tobacco"
"WHC","WHITEHAVEN COAL LIMITED","Energy"
"WHF","WHITEFIELD LIMITED","Diversified Financials"
"NWF","NEWFIELD RESOURCES LIMITED","Materials"
"NWE","NORWEST ENERGY NL","Energy"
"NWH","NRW HOLDINGS LIMITED","Capital Goods"
"NWL","NETWEALTH GROUP LIMITED","Class Pend"
"FGF","FIRST GROWTH FUNDS LIMITED","Not Applic"
"FGG","FUTURE GENERATION GLOBAL INVESTMENT COMPANY LIMITED","Not Applic"
"NWS","NEWS CORPORATION..","Media"
"FGR","FIRST GRAPHITE LIMITED","Materials"
"WIC","WESTOZ INVESTMENT COMPANY LIMITED","Not Applic"
"FGX","FUTURE GENERATION INVESTMENT COMPANY LIMITED","Not Applic"
"SAM","SIV ASSET MANAGEMENT LIMITED","Diversified Financials"
"SAN","SAGALIO ENERGY LIMITED","Materials"
"NXM","NEXUS MINERALS LIMITED","Materials"
"SAS","SKY AND SPACE GLOBAL LTD","Telecommunication Services"
"SAR","SARACEN MINERAL HOLDINGS LIMITED","Materials"
"SAU","SOUTHERN GOLD LIMITED","Materials"
"NXR","NEMEX RESOURCES LIMITED","Materials"
"SAY","SOUTH AMERICAN IRON & STEEL CORPORATION LIMITED","Materials"
"NXT","NEXTDC LIMITED","Software & Services"
"JPR","JUPITER ENERGY LIMITED","Energy"
"FHS","FREEHILL MINING LIMITED.","Materials"
"SBB","SUNBRIDGE GROUP LIMITED","Retailing"
"SBI","STERLING PLANTATIONS LIMITED","Food, Beverage & Tobacco"
"K2F","K2FLY LIMITED","Software & Services"
"SBM","ST BARBARA LIMITED","Materials"
"FID","FIDUCIAN GROUP LIMITED","Diversified Financials"
"SBR","SABRE RESOURCES LIMITED","Materials"
"FIG","FREEDOM INSURANCE GROUP LTD","Insurance"
"BAF","BLUE SKY ALTERNATIVES ACCESS FUND LIMITED","Not Applic"
"SBU","SIBURAN RESOURCES LIMITED","Materials"
"BAH","BOJUN AGRICULTURE HOLDINGS LIMITED","Class Pend"
"BAL","BELLAMY'S AUSTRALIA LIMITED","Food, Beverage & Tobacco"
"BAP","BAPCOR LIMITED","Retailing"
"BAR","BARRA RESOURCES LIMITED","Materials"
"BAS","BASS OIL LIMITED","Energy"
"BAT","BATTERY MINERALS LIMITED","Materials"
"BAU","BAUXITE RESOURCES LIMITED","Materials"
"NZC","NZURI COPPER LIMITED","Materials"
"SCG","SCENTRE GROUP","Real Estate"
"SCI","SILVER CITY MINERALS LIMITED","Materials"
"SCL","SCHROLE GROUP LTD","Software & Services"
"NZK","NEW ZEALAND KING SALMON INVESTMENTS LIMITED","Food, Beverage & Tobacco"
"SCO","SCOTTISH PACIFIC GROUP LIMITED","Diversified Financials"
