<?xml version="1.0" encoding="UTF-8"?>
<Configuration status="WARN" packages="com.example.demo">
    <Properties>
        <Property name="log-path">logs</Property>
        <Property name="date">2016-07-19</Property>
    </Properties>
    <CustomLevels>
        <CustomLevel name="STAT" intLevel="350" />
        <CustomLevel name="TRACE_INPUT"  intLevel="700" />
        <CustomLevel name="TRACE_OUTPUT" intLevel="700" />
    </CustomLevels>
    <Appenders>
        <RollingFile name="FileLog" fileName="${log-path}//octopus.log" filePattern="${log-path}/app-%d{yyyy-MM-dd}.log" >
            <PatternLayout>
                <pattern>%d{dd-MM-yyyy HH:mm:ss.SSS}|%-5level|%-20c{1}|[%-20t]| %m%n</pattern>
            </PatternLayout>
            <Policies>
                <OnStartupTriggeringPolicy />
            </Policies>
            <TimeBasedTriggeringPolicy />
            <DefaultRolloverStrategy max="4"/>
        </RollingFile>
        <Console name="Console" target="SYSTEM_OUT">
            <PatternLayout pattern="%d{dd-MM-yyyy HH:mm:ss.SSS}|%-5level|%-20c{1}|[%-20t]| %logger{36} - %msg%n" />
        </Console>
    </Appenders>
    <Loggers>
        <Logger name="org.springframework"  level="ERROR" additivity="false">
            <AppenderRef ref="FileLog" />
        </Logger>
        <Root level="DEBUG">
            <AppendeRref ref="FileLog"/>
            <AppenderRef ref="Console" />
        </Root>
    </Loggers>
</Configuration>


