ABP,Abacus Property Group Stapled,Real Estate
ACX,Aconex Limited,Information Technology
ABC,Adelaide Brighton Limited,Materials
APT,Afterpay Touch Group Limited,Information Technology
AGL,AGL Energy Limited,Utilities
AGI,Ainsworth Game Technology Limited,Consumer Discretionary
AQG,Alacer Gold Corp Cdi 1:1,Materials
ALQ,Als Limited,Industrials
ALU,Altium Limited,Information Technology
AWC,Alumina Limited,Materials
AMA,AMA Group Limited,Consumer Discretionary
AYS,Amaysim Australia Limited,Telecommunication Services
AMC,Amcor Limited,Materials
AMP,AMP Limited,Financials
ANN,Ansell Limited,Health Care
APA,APA Group Stapled,Utilities
APO,Apn Outdoor Group Limited,Consumer Discretionary
APX,Appen Limited,Information Technology
ARB,ARB Corporation Limited,Consumer Discretionary
AAD,Ardent Leisure Group Stapled,Consumer Discretionary
ARF,Arena Reit Stapled,Real Estate
ALL,Aristocrat Leisure Limited,Consumer Discretionary
AHY,Asaleo Care Limited,Consumer Staples
ASX,ASX Limited,Financials
AIA,Auckland International Airport Limited NZX,Industrials
AZJ,Aurizon Holdings Limited,Industrials
ASL,Ausdrill Limited,Materials
AST,Ausnet Services Limited,Utilities
ASB,Austal Limited,Industrials
ANZ,Australia And New Zealand Banking Group Limited,Financials
AAC,Australian Agricultural Company Limited,Consumer Staples
API,Australian Pharmaceutical Industries Limited,Health Care
AHG,Automotive Holdings Group Limited,Consumer Discretionary
AVN,Aventus Retail Property Fund Unit,Real Estate
AOG,Aveo Group Stapled,Real Estate
AWE,AWE Limited,Energy
BBN,Baby Bunting Group Limited,Consumer Discretionary
BOQ,Bank of Queensland Limited,Financials
BAP,Bapcor Limited,Consumer Discretionary
BPT,Beach Energy Limited,Energy
BDR,Beadell Resources Limited,Materials
BGA,Bega Cheese Limited,Consumer Staples
BAL,Bellamy's Australia Limited,Consumer Staples
BEN,Bendigo And Adelaide Bank Limited,Financials
BHP,BHP Billiton Limited,Materials
BIN,Bingo Industries Limited,Industrials
BKL,Blackmores Limited,Consumer Staples
BLA,Blue SKY Alternative Investments Limited,Financials
BSL,Bluescope Steel Limited,Materials
BLD,Boral Limited,Materials
BXB,Brambles Limited,Industrials
BRG,Breville Group Limited,Consumer Discretionary
BKW,Brickworks Limited,Materials
BTT,BT Investment Management Limited,Financials
BWP,BWP Trust Ord Units,Real Estate
BWX,BWX Limited,Consumer Staples
CAB,Cabcharge Australia Limited,Industrials
CTX,Caltex Australia Limited,Energy
CDD,Cardno Limited,Industrials
CAR,Carsales.com Limited,Information Technology
CWP,Cedar Woods Properties Limited,Real Estate
CIP,Centuria Industrial Reit Ord Unit,Real Estate
CMA,Centuria Metropolitan Reit Ord Unit,Real Estate
CGF,Challenger Limited,Financials
CHC,Charter Hall Group Forus,Real Estate
CLW,Charter Hall Long Wale Reit Stapled,Real Estate
CQR,Charter Hall Retail Reit Unit,Real Estate
CNU,Chorus Limited NZX,Telecommunication Services
CIM,Cimic Group Limited,Industrials
CL1,Class Limited,Information Technology
CLQ,Clean Teq Holdings Limited,Industrials
CWY,Cleanaway Waste Management Limited,Industrials
CCL,Coca-cola Amatil Limited,Consumer Staples
COH,Cochlear Limited,Health Care
CKF,Collins Foods Limited,Consumer Discretionary
CBA,Commonwealth Bank of Australia,Financials
CPU,Computershare Limited,Information Technology
COE,Cooper Energy Limited,Energy
CTD,Corporate Travel Management Limited,Consumer Discretionary
CGC,Costa Group Holdings Limited,Consumer Staples
CCP,Credit Corp Group Limited,Financials
CMW,Cromwell Property Group Stapled,Real Estate
CWN,Crown Resorts Limited,Consumer Discretionary
CSL,CSL Limited,Health Care
CSR,CSR Limited,Materials
CYB,CYBG PLC Cdi 1:1,Financials
DCN,Dacian Gold Limited,Materials
DXS,Dexus Stapled,Real Estate
DMP,Domino's Pizza Enterprises Limited,Consumer Discretionary
DOW,Downer Edi Limited,Industrials
DLX,Duluxgroup Limited,Materials
ECX,Eclipx Group Limited,Financials
ELD,Elders Limited,Consumer Staples
EML,EML Payments Limited,Financials
EPW,Erm Power Limited,Utilities
EHE,Estia Health Limited,Health Care
EVN,Evolution Mining Limited,Materials
FAR,FAR Limited,Energy
FBU,Fletcher Building Limited NZX,Materials
FET,Folkestone Education Trust Unit,Real Estate
A2M,The A2 Milk Company Limited NZ,Consumer Staples
FLT,Flight Centre Travel Group Limited,Consumer Discretionary
FMG,Fortescue Metals Group LTD,Materials
FNP,Freedom Foods Group Limited,Consumer Staples
FPH,Fisher & Paykel Healthcare Corporation Limited NZX,Health Care
FXJ,Fairfax Media Limited,Consumer Discretionary
FXL,Flexigroup Limited,Financials
GBT,GBST Holdings Limited,Information Technology
GDI,GDI Property Group Stapled,Real Estate
GEM,G8 Education Limited,Consumer Discretionary
GMA,Genworth Mortgage Insurance Australia Limited,Financials
GMG,Goodman Group Stapled,Real Estate
GNC,Graincorp Limited,Consumer Staples
GOR,Gold Road Resources Limited,Materials
GOZ,Growthpoint Properties Australia Stapled,Real Estate
GPT,GPT Group Stapled,Real Estate
GTY,Gateway Lifestyle Group Stapled,Real Estate
GUD,G.u.d. Holdings Limited,Consumer Discretionary
GWA,GWA Group Limited,Industrials
GXL,Greencross Limited,Consumer Discretionary
GXY,Galaxy Resources Limited,Materials
HFA,HFA Holdings Limited,Financials
HFR,Highfield Resources Limited,Materials
HPI,Hotel Property Investments Stapled,Real Estate
HSN,Hansen Technologies Limited,Information Technology
HSO,Healthscope Limited,Health Care
HT1,Ht&e Limited,Consumer Discretionary
HUB,HUB24 Limited,Financials
HVN,Harvey Norman Holdings Limited,Consumer Discretionary
IAG,Insurance Australia Group Limited,Financials
IDR,Industria Reit Stapled,Real Estate
IEL,Idp Education Limited,Consumer Discretionary
IFL,Ioof Holdings Limited,Financials
IFM,Infomedia LTD,Information Technology
IFN,Infigen Energy Stapled,Utilities
IGO,Independence Group NL,Materials
ILU,Iluka Resources Limited,Materials
IMD,Imdex Limited,Materials
IMF,IMF Bentham Limited,Financials
INA,Ingenia Communities Group Stapled,Real Estate
ING,Inghams Group Limited,Consumer Staples
INM,Iron Mountain Incorporated Cdi 1:1,Real Estate
IOF,Investa Office Fund Stapled,Real Estate
IPD,Impedimed Limited,Health Care
IPH,IPH Limited,Industrials
IPL,Incitec Pivot Limited,Materials
IRE,Iress Limited,Information Technology
ISD,Isentia Group Limited,Information Technology
ISU,Iselect Limited,Consumer Discretionary
IVC,Invocare Limited,Consumer Discretionary
JBH,JB Hi-fi Limited,Consumer Discretionary
JHC,Japara Healthcare Limited,Health Care
JHG,Janus Henderson Group PLC Cdi 1:1,Financials
JHX,James Hardie Industries PLC Cdi 1:1,Materials
KAR,Karoon Gas Australia Limited,Energy
LLC,Lendlease Group Stapled,Real Estate
LNG,Liquefied Natural Gas Limited,Energy
LNK,Link Administration Holdings Limited,Information Technology
LYC,Lynas Corporation Limited,Materials
MFG,Magellan Financial Group Limited,Financials
MGR,Mirvac Group Stapled,Real Estate
MIN,Mineral Resources Limited,Materials
MLD,Maca Limited,Materials
MLX,Metals X Limited,Materials
MMS,Mcmillan Shakespeare Limited,Industrials
MND,Monadelphous Group Limited,Industrials
MNS,Magnis Resources Limited,Materials
MOC,Mortgage Choice Limited,Financials
MPL,Medibank Private Limited,Financials
MQA,Macquarie Atlas Roads Group Stapled,Industrials
MQG,Macquarie Group Limited,Financials
MSB,Mesoblast Limited,Health Care
MTR,Mantra Group Limited,Consumer Discretionary
MTS,Metcash Limited,Consumer Staples
MVF,Monash Ivf Group Limited,Health Care
MYO,Myob Group Limited,Information Technology
MYR,Myer Holdings Limited,Consumer Discretionary
MYS,Mystate Limited,Financials
MYX,Mayne Pharma Group Limited,Health Care
NAB,National Australia Bank Limited,Financials
NAN,Nanosonics Limited,Health Care
NCK,Nick Scali Limited,Consumer Discretionary
NCM,Newcrest Mining Limited,Materials
NEC,Nine Entertainment Co. Holdings Limited,Consumer Discretionary
NHF,Nib Holdings Limited,Financials
NSR,National Storage Reit Stapled,Real Estate
NST,Northern Star Resources LTD,Materials
NTC,Netcomm Wireless Limited,Information Technology
NUF,Nufarm Limited,Materials
NVT,Navitas Limited,Consumer Discretionary
NWS,News Corporation. B Voting,Consumer Discretionary
NXT,Nextdc Limited,Information Technology
OFX,OFX Group Limited,Financials
OGC,Oceanagold Corporation Cdi 1:1,Materials
OML,Ooh!media Limited,Consumer Discretionary
ORA,Orora Limited,Materials
ORE,Orocobre Limited,Materials
ORG,Origin Energy Limited,Energy
ORI,Orica Limited,Materials
OSH,Oil Search Limited 10T,Energy
OZL,Oz Minerals Limited,Materials
PGH,Pact Group Holdings LTD,Materials
PLG,Propertylink Group Forus,Real Estate
PLS,Pilbara Minerals Limited,Materials
PMV,Premier Investments Limited,Consumer Discretionary
PPT,Perpetual Limited,Financials
PRU,Perseus Mining Limited,Materials
PRY,Primary Health Care Limited,Health Care
PTM,Platinum Asset Management Limited,Financials
QAN,Qantas Airways Limited,Industrials
QBE,QBE Insurance Group Limited,Financials
QUB,Qube Holdings Limited,Industrials
RCG,RCG Corporation Limited,Consumer Discretionary
RCR,RCR Tomlinson Limited,Industrials
REA,REA Group LTD,Information Technology
REG,Regis Healthcare Limited,Health Care
RFF,Rural Funds Group Stapled,Real Estate
RFG,Retail Food Group Limited,Consumer Discretionary
RHC,Ramsay Health Care Limited,Health Care
RIC,Ridley Corporation Limited,Consumer Staples
RIO,RIO Tinto Limited,Materials
RMD,Resmed Inc Cdi 10:1,Health Care
RRL,Regis Resources Limited,Materials
RSG,Resolute Mining Limited,Materials
RWC,Reliance Worldwide Corporation Limited,Industrials
S32,SOUTH32 Limited,Materials
SAR,Saracen Mineral Holdings Limited,Materials
SBM,ST Barbara Limited,Materials
SCG,Scentre Group Stapled,Real Estate
SCO,Scottish Pacific Group Limited,Financials
SCP,Shopping Centres Australasia Property Group Stapled,Real Estate
SDA,Speedcast International Limited,Telecommunication Services
SDF,Steadfast Group Limited,Financials
SEH,Sino Gas & Energy Holdings Limited,Energy
SEK,Seek Limited,Industrials
SFR,Sandfire Resources NL,Materials
SGF,SG Fleet Group Limited,Industrials
SGM,Sims Metal Management Limited,Materials
SGP,Stockland Stapled,Real Estate
SGR,The Star Entertainment Group Limited,Consumer Discretionary
SHL,Sonic Healthcare Limited,Health Care
SHV,Select Harvests Limited,Consumer Staples
SIG,Sigma Healthcare Limited,Health Care
SIQ,Smartgroup Corporation LTD,Industrials
SIV,Silver Chef Limited,Industrials
SKC,Skycity Entertainment Group Limited NZX,Consumer Discretionary
SKI,Spark Infrastructure Group Forus,Utilities
SKT,SKY Network Television Limited NZ,Consumer Discretionary
SLC,Superloop Limited,Telecommunication Services
SLK,Sealink Travel Group Limited,Consumer Discretionary
SLR,Silver Lake Resources Limited,Materials
SOL,Washington H Soul Pattinson & Company Limited,Energy
SPK,Spark New Zealand Limited NZX,Telecommunication Services
SPL,Starpharma Holdings Limited,Health Care
SRV,Servcorp Limited,Real Estate
SRX,Sirtex Medical Limited,Health Care
SSM,Service Stream Limited,Industrials
STO,Santos Limited,Energy
SUL,Super Retail Group Limited,Consumer Discretionary
SUN,Suncorp Group Limited,Financials
SVW,Seven Group Holdings Limited,Industrials
SWM,Seven West Media Limited,Consumer Discretionary
SXL,Southern Cross Media Group Limited,Consumer Discretionary
SXY,Senex Energy Limited,Energy
SYD,Sydney Airport Forus,Industrials
SYR,Syrah Resources Limited,Materials
TAH,Tabcorp Holdings Limited,Consumer Discretionary
TCL,Transurban Group Stapled,Industrials
TGA,Thorn Group Limited,Consumer Discretionary
TGR,Tassal Group Limited,Consumer Staples
TLS,Telstra Corporation Limited,Telecommunication Services
TME,Trade Me Group Limited NZX,Consumer Discretionary
TNE,Technology One Limited,Information Technology
TOX,TOX Free Solutions Limited,Industrials
TPM,TPG Telecom Limited,Telecommunication Services
TTS,Tatts Group Limited,Consumer Discretionary
TWE,Treasury Wine Estates Limited,Consumer Staples
VCX,Vicinity Centres Stapled,Real Estate
VLW,Villa World Limited,Real Estate
VOC,Vocus Group Limited,Telecommunication Services
VRL,Village Roadshow Limited,Consumer Discretionary
VRT,Virtus Health Limited,Health Care
VTG,Vita Group Limited,Consumer Discretionary
VVR,Viva Energy Reit Stapled,Real Estate
WBA,Webster Limited,Consumer Staples
WBC,Westpac Banking Corporation,Financials
WEB,Webjet Limited,Consumer Discretionary
WES,Wesfarmers Limited,Consumer Staples
WFD,Westfield Corporation Stapled,Real Estate
WGX,Westgold Resources Limited,Materials
WHC,Whitehaven Coal Limited,Energy
WOR,Worleyparsons Limited,Energy
WOW,Woolworths Limited,Consumer Staples
WPL,Woodside Petroleum Limited,Energy
WPP,WPP Aunz LTD,Consumer Discretionary
WSA,Western Areas Limited,Materials
WTC,Wisetech Global Limited,Information Technology
XRO,Xero Limited NZX,Information Technology
